-- --------------------------------------------------------
-- Host:                         127.0.0.1
-- Server version:               8.0.32-0ubuntu0.22.04.2 - (Ubuntu)
-- Server OS:                    Linux
-- HeidiSQL Version:             12.1.0.6537
-- --------------------------------------------------------

/*!40101 SET @OLD_CHARACTER_SET_CLIENT=@@CHARACTER_SET_CLIENT */;
/*!40101 SET NAMES utf8 */;
/*!50503 SET NAMES utf8mb4 */;
/*!40103 SET @OLD_TIME_ZONE=@@TIME_ZONE */;
/*!40103 SET TIME_ZONE='+00:00' */;
/*!40014 SET @OLD_FOREIGN_KEY_CHECKS=@@FOREIGN_KEY_CHECKS, FOREIGN_KEY_CHECKS=0 */;
/*!40101 SET @OLD_SQL_MODE=@@SQL_MODE, SQL_MODE='NO_AUTO_VALUE_ON_ZERO' */;
/*!40111 SET @OLD_SQL_NOTES=@@SQL_NOTES, SQL_NOTES=0 */;


-- Dumping database structure for dailyAMC
DROP DATABASE IF EXISTS `dailyAMC`;
CREATE DATABASE IF NOT EXISTS `dailyAMC` /*!40100 DEFAULT CHARACTER SET utf8mb4 COLLATE utf8mb4_0900_ai_ci */ /*!80016 DEFAULT ENCRYPTION='N' */;
USE `dailyAMC`;

-- Dumping structure for table dailyAMC.Answers
DROP TABLE IF EXISTS `Answers`;
CREATE TABLE IF NOT EXISTS `Answers` (
  `id` int NOT NULL AUTO_INCREMENT,
  `user_id` int DEFAULT NULL,
  `assigment_id` int DEFAULT NULL,
  `is_correct` tinyint DEFAULT NULL,
  `user_answer` text CHARACTER SET utf8mb4 COLLATE utf8mb4_0900_ai_ci,
  PRIMARY KEY (`id`),
  KEY `user_id` (`user_id`),
  KEY `assigment_id` (`assigment_id`),
  CONSTRAINT `Answers_ibfk_1` FOREIGN KEY (`user_id`) REFERENCES `Users` (`id`),
  CONSTRAINT `Answers_ibfk_2` FOREIGN KEY (`assigment_id`) REFERENCES `Assignments` (`problem_id`)
) ENGINE=InnoDB AUTO_INCREMENT=45 DEFAULT CHARSET=utf8mb4 COLLATE=utf8mb4_0900_ai_ci;

-- Dumping data for table dailyAMC.Answers: ~4 rows (approximately)
REPLACE INTO `Answers` (`id`, `user_id`, `assigment_id`, `is_correct`, `user_answer`) VALUES
	(24, 2, 279, 0, NULL),
	(42, 17, 279, 1, NULL),
	(43, 17, 148, 1, '6'),
	(44, 2, 148, 1, '6');

-- Dumping structure for table dailyAMC.Assignments
DROP TABLE IF EXISTS `Assignments`;
CREATE TABLE IF NOT EXISTS `Assignments` (
  `id` int NOT NULL AUTO_INCREMENT,
  `problem_date` date DEFAULT NULL,
  `problem_id` int DEFAULT NULL,
  PRIMARY KEY (`id`),
  KEY `problem_id` (`problem_id`),
  CONSTRAINT `Assignments_ibfk_1` FOREIGN KEY (`problem_id`) REFERENCES `Problems` (`id`)
) ENGINE=InnoDB AUTO_INCREMENT=246 DEFAULT CHARSET=utf8mb4 COLLATE=utf8mb4_0900_ai_ci;

-- Dumping data for table dailyAMC.Assignments: ~245 rows (approximately)
REPLACE INTO `Assignments` (`id`, `problem_date`, `problem_id`) VALUES
	(1, '2023-03-07', 55),
	(2, '2023-03-08', 125),
	(3, '2023-03-09', 171),
	(4, '2023-03-10', 265),
	(5, '2023-03-11', 68),
	(6, '2023-03-12', 294),
	(7, '2023-03-13', 274),
	(8, '2023-03-14', 121),
	(9, '2023-03-15', 279),
	(10, '2023-03-16', 148),
	(11, '2023-03-17', 175),
	(12, '2023-03-18', 202),
	(13, '2023-03-19', 69),
	(14, '2023-03-20', 49),
	(15, '2023-03-21', 6),
	(16, '2023-03-22', 170),
	(17, '2023-03-23', 195),
	(18, '2023-03-24', 243),
	(19, '2023-03-25', 200),
	(20, '2023-03-26', 183),
	(21, '2023-03-27', 117),
	(22, '2023-03-28', 163),
	(23, '2023-03-29', 258),
	(24, '2023-03-30', 215),
	(25, '2023-03-31', 266),
	(26, '2023-04-01', 20),
	(27, '2023-04-02', 138),
	(28, '2023-04-03', 185),
	(29, '2023-04-04', 187),
	(30, '2023-04-05', 58),
	(31, '2023-04-06', 285),
	(32, '2023-04-07', 64),
	(33, '2023-04-08', 223),
	(34, '2023-04-09', 295),
	(35, '2023-04-10', 141),
	(36, '2023-04-11', 278),
	(37, '2023-04-12', 9),
	(38, '2023-04-13', 283),
	(39, '2023-04-14', 221),
	(40, '2023-04-15', 311),
	(41, '2023-04-16', 159),
	(42, '2023-04-17', 116),
	(43, '2023-04-18', 233),
	(44, '2023-04-19', 78),
	(45, '2023-04-20', 263),
	(46, '2023-04-21', 131),
	(47, '2023-04-22', 267),
	(48, '2023-04-23', 71),
	(49, '2023-04-24', 160),
	(50, '2023-04-25', 209),
	(51, '2023-04-26', 303),
	(52, '2023-04-27', 238),
	(53, '2023-04-28', 130),
	(54, '2023-04-29', 224),
	(55, '2023-04-30', 226),
	(56, '2023-05-01', 94),
	(57, '2023-05-02', 96),
	(58, '2023-05-03', 212),
	(59, '2023-05-04', 104),
	(60, '2023-05-05', 152),
	(61, '2023-05-06', 112),
	(62, '2023-05-07', 115),
	(63, '2023-05-08', 72),
	(64, '2023-05-09', 95),
	(65, '2023-05-10', 281),
	(66, '2023-05-11', 173),
	(67, '2023-05-12', 132),
	(68, '2023-05-13', 178),
	(69, '2023-05-14', 46),
	(70, '2023-05-15', 139),
	(71, '2023-05-16', 97),
	(72, '2023-05-17', 236),
	(73, '2023-05-18', 147),
	(74, '2023-05-19', 289),
	(75, '2023-05-20', 179),
	(76, '2023-05-21', 47),
	(77, '2023-05-22', 296),
	(78, '2023-05-23', 300),
	(79, '2023-05-24', 77),
	(80, '2023-05-25', 262),
	(81, '2023-05-26', 287),
	(82, '2023-05-27', 155),
	(83, '2023-05-28', 315),
	(84, '2023-05-29', 186),
	(85, '2023-05-30', 166),
	(86, '2023-05-31', 59),
	(87, '2023-06-01', 35),
	(88, '2023-06-02', 39),
	(89, '2023-06-03', 88),
	(90, '2023-06-04', 228),
	(91, '2023-06-05', 207),
	(92, '2023-06-06', 120),
	(93, '2023-06-07', 31),
	(94, '2023-06-08', 174),
	(95, '2023-06-09', 198),
	(96, '2023-06-10', 312),
	(97, '2023-06-11', 250),
	(98, '2023-06-12', 208),
	(99, '2023-06-13', 76),
	(100, '2023-06-14', 100),
	(101, '2023-06-15', 172),
	(102, '2023-06-16', 107),
	(103, '2023-06-17', 270),
	(104, '2023-06-18', 24),
	(105, '2023-06-19', 161),
	(106, '2023-06-20', 4),
	(107, '2023-06-21', 145),
	(108, '2023-06-22', 61),
	(109, '2023-06-23', 197),
	(110, '2023-06-24', 109),
	(111, '2023-06-25', 204),
	(112, '2023-06-26', 206),
	(113, '2023-06-27', 231),
	(114, '2023-06-28', 191),
	(115, '2023-06-29', 36),
	(116, '2023-06-30', 84),
	(117, '2023-07-01', 269),
	(118, '2023-07-02', 313),
	(119, '2023-07-03', 25),
	(120, '2023-07-04', 189),
	(121, '2023-07-05', 7),
	(122, '2023-07-06', 14),
	(123, '2023-07-07', 16),
	(124, '2023-07-08', 177),
	(125, '2023-07-09', 90),
	(126, '2023-07-10', 230),
	(127, '2023-07-11', 277),
	(128, '2023-07-12', 168),
	(129, '2023-07-13', 284),
	(130, '2023-07-14', 288),
	(131, '2023-07-15', 21),
	(132, '2023-07-16', 113),
	(133, '2023-07-17', 50),
	(134, '2023-07-18', 165),
	(135, '2023-07-19', 122),
	(136, '2023-07-20', 81),
	(137, '2023-07-21', 108),
	(138, '2023-07-22', 45),
	(139, '2023-07-23', 273),
	(140, '2023-07-24', 2),
	(141, '2023-07-25', 210),
	(142, '2023-07-26', 56),
	(143, '2023-07-27', 261),
	(144, '2023-07-28', 308),
	(145, '2023-07-29', 67),
	(146, '2023-07-30', 271),
	(147, '2023-07-31', 51),
	(148, '2023-08-01', 142),
	(149, '2023-08-02', 257),
	(150, '2023-08-03', 129),
	(151, '2023-08-04', 219),
	(152, '2023-08-05', 44),
	(153, '2023-08-06', 137),
	(154, '2023-08-07', 93),
	(155, '2023-08-08', 190),
	(156, '2023-08-09', 33),
	(157, '2023-08-10', 82),
	(158, '2023-08-11', 220),
	(159, '2023-08-12', 136),
	(160, '2023-08-13', 182),
	(161, '2023-08-14', 184),
	(162, '2023-08-15', 98),
	(163, '2023-08-16', 169),
	(164, '2023-08-17', 80),
	(165, '2023-08-18', 40),
	(166, '2023-08-19', 225),
	(167, '2023-08-20', 48),
	(168, '2023-08-21', 92),
	(169, '2023-08-22', 255),
	(170, '2023-08-23', 192),
	(171, '2023-08-24', 13),
	(172, '2023-08-25', 85),
	(173, '2023-08-26', 247),
	(174, '2023-08-27', 181),
	(175, '2023-08-28', 253),
	(176, '2023-08-29', 211),
	(177, '2023-08-30', 235),
	(178, '2023-08-31', 218),
	(179, '2023-09-01', 63),
	(180, '2023-09-02', 133),
	(181, '2023-09-03', 272),
	(182, '2023-09-04', 1),
	(183, '2023-09-05', 164),
	(184, '2023-09-06', 280),
	(185, '2023-09-07', 105),
	(186, '2023-09-08', 65),
	(187, '2023-09-09', 180),
	(188, '2023-09-10', 249),
	(189, '2023-09-11', 140),
	(190, '2023-09-12', 299),
	(191, '2023-09-13', 213),
	(192, '2023-09-14', 196),
	(193, '2023-09-15', 307),
	(194, '2023-09-16', 310),
	(195, '2023-09-17', 205),
	(196, '2023-09-18', 162),
	(197, '2023-09-19', 53),
	(198, '2023-09-20', 57),
	(199, '2023-09-21', 11),
	(200, '2023-09-22', 41),
	(201, '2023-09-23', 290),
	(202, '2023-09-24', 70),
	(203, '2023-09-25', 275),
	(204, '2023-09-26', 301),
	(205, '2023-09-27', 32),
	(206, '2023-09-28', 60),
	(207, '2023-09-29', 264),
	(208, '2023-09-30', 246),
	(209, '2023-10-01', 314),
	(210, '2023-10-02', 252),
	(211, '2023-10-03', 28),
	(212, '2023-10-04', 234),
	(213, '2023-10-05', 128),
	(214, '2023-10-06', 150),
	(215, '2023-10-07', 42),
	(216, '2023-10-08', 158),
	(217, '2023-10-09', 118),
	(218, '2023-10-10', 254),
	(219, '2023-10-11', 282),
	(220, '2023-10-12', 304),
	(221, '2023-10-13', 17),
	(222, '2023-10-14', 135),
	(223, '2023-10-15', 251),
	(224, '2023-10-16', 26),
	(225, '2023-10-17', 144),
	(226, '2023-10-18', 102),
	(227, '2023-10-19', 286),
	(228, '2023-10-20', 244),
	(229, '2023-10-21', 43),
	(230, '2023-10-22', 293),
	(231, '2023-10-23', 298),
	(232, '2023-10-24', 52),
	(233, '2023-10-25', 101),
	(234, '2023-10-26', 241),
	(235, '2023-10-27', 15),
	(236, '2023-10-28', 153),
	(237, '2023-10-29', 203),
	(238, '2023-10-30', 229),
	(239, '2023-10-31', 256),
	(240, '2023-11-01', 167),
	(241, '2023-11-02', 106),
	(242, '2023-11-03', 151),
	(243, '2023-11-04', 18),
	(244, '2023-11-05', 91),
	(245, '2023-11-06', 297);

-- Dumping structure for table dailyAMC.Problems
DROP TABLE IF EXISTS `Problems`;
CREATE TABLE IF NOT EXISTS `Problems` (
  `id` int NOT NULL AUTO_INCREMENT,
  `statement` text,
  `difficulty` int DEFAULT NULL,
  `original` text,
  `answer` text,
  PRIMARY KEY (`id`)
) ENGINE=InnoDB AUTO_INCREMENT=316 DEFAULT CHARSET=utf8mb4 COLLATE=utf8mb4_0900_ai_ci;

-- Dumping data for table dailyAMC.Problems: ~315 rows (approximately)
REPLACE INTO `Problems` (`id`, `statement`, `difficulty`, `original`, `answer`) VALUES
	(1, 'What is $\\left(20-\\left(2010-201\\right)\\right)+\\left(2010-\\left(201-20\\right)\\right)$?\n', 1, 'https://artofproblemsolving.com/wiki/index.php/2010_AMC_12A_Problems/Problem_1', '\\ 40 '),
	(2, 'A ferry boat shuttles tourists to an island every hour starting at 10 AM until its last trip, which starts at 3 PM. One day the boat captain notes that on the 10 AM trip there were 100 tourists on the ferry boat, and that on each successive trip, the number of tourists was 1 fewer than on the previous trip. How many tourists did the ferry take to the island that day?\n', 1, 'https://artofproblemsolving.com/wiki/index.php/2010_AMC_12A_Problems/Problem_2', '\\ 585 '),
	(3, 'If $x<0$, then which of the following must be positive?\n', 2, 'https://artofproblemsolving.com/wiki/index.php/2010_AMC_12A_Problems/Problem_4', '\\ -x^{-1} '),
	(4, 'Halfway through a 100-shot archery tournament, Chelsea leads by 50 points. For each shot a bullseye scores 10 points, with other possible scores being 8, 4, 2, and 0 points. Chelsea always scores at least 4 points on each shot. If Chelsea\'s next $n$ shots are bullseyes she will be guaranteed victory. What is the minimum value for $n$?\n', 2, 'https://artofproblemsolving.com/wiki/index.php/2010_AMC_12A_Problems/Problem_5', '\\ 42 '),
	(5, 'A $\\text{palindrome}$, such as $83438$, is a number that remains the same when its digits are reversed. The numbers $x$ and $x+32$ are three-digit and four-digit palindromes, respectively. What is the sum of the digits of $x$?\n', 2, 'https://artofproblemsolving.com/wiki/index.php/2010_AMC_12A_Problems/Problem_6', '\\ 24'),
	(6, 'Logan is constructing a scaled model of his town. The city\'s water tower stands 40 meters high, and the top portion is a sphere that holds 100,000 liters of water. Logan\'s miniature water tower holds 0.1 liters. How tall, in meters, should Logan make his tower?\n', 2, 'https://artofproblemsolving.com/wiki/index.php/2010_AMC_12A_Problems/Problem_7', '\\ 0.4 '),
	(7, 'Triangle $ABC$ has $AB=2 \\cdot AC$. Let $D$ and $E$ be on $\\overline{AB}$ and $\\overline{BC}$, respectively, such that $\\angle BAE = \\angle ACD$. Let $F$ be the intersection of segments $AE$ and $CD$, and suppose that $\\triangle CFE$ is equilateral. What is $\\angle ACB$?\n', 3, 'https://artofproblemsolving.com/wiki/index.php/2010_AMC_12A_Problems/Problem_8', '\\ 90^\\circ '),
	(8, 'A solid cube has side length 3 inches. A 2-inch by 2-inch square hole is cut into the center of each face. The edges of each cut are parallel to the edges of the cube, and each hole goes all the way through the cube. What is the volume, in cubic inches, of the remaining solid?\n', 3, 'https://artofproblemsolving.com/wiki/index.php/2010_AMC_12A_Problems/Problem_9', '\\ 7 '),
	(9, 'The first four terms of an arithmetic sequence are $p$, $9$, $3p-q$, and $3p+q$. What is the $2010^\\text{th}$ term of this sequence?\n', 3, 'https://artofproblemsolving.com/wiki/index.php/2010_AMC_12A_Problems/Problem_10', '\\ 8041 '),
	(10, 'The solution of the equation $7^{x+7} = 8^x$ can be expressed in the form $x = \\log_b 7^7$. What is $b$?\n', 3, 'https://artofproblemsolving.com/wiki/index.php/2010_AMC_12A_Problems/Problem_11', '\\ \\frac{8}{7} '),
	(11, 'In a magical swamp there are two species of talking amphibians: toads, whose statements are always true, and frogs, whose statements are always false. Four amphibians, Brian, Chris, LeRoy, and Mike live together in this swamp, and they make the following statements.\n\nBrian: "Mike and I are different species."\n\nChris: "LeRoy is a frog."\n\nLeRoy: "Chris is a frog."\n\nMike: "Of the four of us, at least two are toads."\n\nHow many of these amphibians are frogs?\n', 4, 'https://artofproblemsolving.com/wiki/index.php/2010_AMC_12A_Problems/Problem_12', '\\ 3 '),
	(12, 'For how many integer values of $k$ do the graphs of $x^2+y^2=k^2$ and $xy = k$ not intersect?\n', 4, 'https://artofproblemsolving.com/wiki/index.php/2010_AMC_12A_Problems/Problem_13', '\\ 2 '),
	(13, 'Nondegenerate $\\triangle ABC$ has integer side lengths, $\\overline{BD}$ is an angle bisector, $AD = 3$, and $DC=8$. What is the smallest possible value of the perimeter?\n', 4, 'https://artofproblemsolving.com/wiki/index.php/2010_AMC_12A_Problems/Problem_14', '\\ 33 '),
	(14, 'A coin is altered so that the probability that it lands on heads is less than $\\frac{1}{2}$ and when the coin is flipped four times, the probability of an equal number of heads and tails is $\\frac{1}{6}$. What is the probability that the coin lands on heads?\n', 4, 'https://artofproblemsolving.com/wiki/index.php/2010_AMC_12A_Problems/Problem_15', '\\ \\frac{3-\\sqrt{3}}{6} '),
	(15, 'Bernardo randomly picks 3 distinct numbers from the set $\\{1,2,3,4,5,6,7,8,9\\}$ and arranges them in descending order to form a 3-digit number. Silvia randomly picks 3 distinct numbers from the set $\\{1,2,3,4,5,6,7,8\\}$ and also arranges them in descending order to form a 3-digit number. What is the probability that Bernardo\'s number is larger than Silvia\'s number?\n', 5, 'https://artofproblemsolving.com/wiki/index.php/2010_AMC_12A_Problems/Problem_16', '\\ \\frac{37}{56} '),
	(16, 'Equiangular hexagon $ABCDEF$ has side lengths $AB=CD=EF=1$ and $BC=DE=FA=r$. The area of $\\triangle ACE$ is $70\\%$ of the area of the hexagon. What is the sum of all possible values of $r$?\n', 5, 'https://artofproblemsolving.com/wiki/index.php/2010_AMC_12A_Problems/Problem_17', '\\ 6'),
	(17, 'A 16-step path is to go from $(-4,-4)$ to $(4,4)$ with each step increasing either the $x$-coordinate or the $y$-coordinate by 1. How many such paths stay outside or on the boundary of the square $-2 \\le x \\le 2$, $-2 \\le y \\le 2$ at each step?\n', 5, 'https://artofproblemsolving.com/wiki/index.php/2010_AMC_12A_Problems/Problem_18', '\\ 1698 '),
	(18, 'Each of $2010$ boxes in a line contains a single red marble, and for $1 \\le k \\le 2010$, the box in the $k\\text{th}$ position also contains $k$ white marbles. Isabella begins at the first box and successively draws a single marble at random from each box, in order. She stops when she first draws a red marble. Let $P(n)$ be the probability that Isabella stops after drawing exactly $n$ marbles. What is the smallest value of $n$ for which $P(n) < \\frac{1}{2010}$?\n', 6, 'https://artofproblemsolving.com/wiki/index.php/2010_AMC_12A_Problems/Problem_19', '\\ 45 '),
	(19, 'Arithmetic sequences $\\left(a_n\\right)$ and $\\left(b_n\\right)$ have integer terms with $a_1=b_1=1<a_2 \\le b_2$ and $a_n b_n = 2010$ for some $n$. What is the largest possible value of $n$?\n', 6, 'https://artofproblemsolving.com/wiki/index.php/2010_AMC_12A_Problems/Problem_20', '\\ 8 '),
	(20, 'The graph of $y=x^6-10x^5+29x^4-4x^3+ax^2$ lies above the line $y=bx+c$ except at three values of $x$, where the graph and the line intersect. What is the largest of these values?\n', 6, 'https://artofproblemsolving.com/wiki/index.php/2010_AMC_12A_Problems/Problem_21', '\\ 4 '),
	(21, 'What is the minimum value of $f(x)=\\left|x-1\\right| + \\left|2x-1\\right| + \\left|3x-1\\right| + \\cdots + \\left|119x - 1 \\right|$?\n', 6, 'https://artofproblemsolving.com/wiki/index.php/2010_AMC_12A_Problems/Problem_22', '\\ 49 '),
	(22, 'The number obtained from the last two nonzero digits of $90!$ is equal to $n$. What is $n$?\n', 7, 'https://artofproblemsolving.com/wiki/index.php/2010_AMC_12A_Problems/Problem_23', '\\ 12 '),
	(23, 'Let $f(x) = \\log_{10} \\left(\\sin(\\pi x) \\cdot \\sin(2 \\pi x) \\cdot \\sin (3 \\pi x) \\cdots \\sin(8 \\pi x)\\right)$. The intersection of the domain of $f(x)$ with the interval $[0,1]$ is a union of $n$ disjoint open intervals. What is $n$?\n', 7, 'https://artofproblemsolving.com/wiki/index.php/2010_AMC_12A_Problems/Problem_24', '\\ 12 '),
	(24, 'Two quadrilaterals are considered the same if one can be obtained from the other by a rotation and a translation. How many different convex cyclic quadrilaterals are there with integer sides and perimeter equal to 32?\n', 7, 'https://artofproblemsolving.com/wiki/index.php/2010_AMC_12A_Problems/Problem_25', '\\ 568 '),
	(25, 'A cell phone plan costs $20$ dollars each month, plus $5$ cents per text message sent, plus $10$ cents for each minute used over $30$ hours. In January Michelle sent $100$ text messages and talked for $30.5$ hours. How much did she have to pay?\n', 1, 'https://artofproblemsolving.com/wiki/index.php/2011_AMC_12A_Problems/Problem_1', '\\ 28.00 '),
	(26, 'A small bottle of shampoo can hold $35$ milliliters of shampoo, whereas a large bottle can hold $500$ milliliters of shampoo. Jasmine wants to buy the minimum number of small bottles necessary to completely fill a large bottle. How many bottles must she buy?\n', 1, 'https://artofproblemsolving.com/wiki/index.php/2011_AMC_12A_Problems/Problem_3', '\\ 15'),
	(27, 'At an elementary school, the students in third grade, fourth grade, and fifth grade run an average of $12$, $15$, and $10$ minutes per day, respectively. There are twice as many third graders as fourth graders, and twice as many fourth graders as fifth graders. What is the average number of minutes run per day by these students?\n', 2, 'https://artofproblemsolving.com/wiki/index.php/2011_AMC_12A_Problems/Problem_4', '\\ \\frac{88}{7} '),
	(28, 'Last summer $30\\%$ of the birds living on Town Lake were geese, $25\\%$ were swans, $10\\%$ were herons, and $35\\%$ were ducks. What percent of the birds that were not swans were geese?\n', 2, 'https://artofproblemsolving.com/wiki/index.php/2011_AMC_12A_Problems/Problem_5', '\\ 40 '),
	(29, 'The players on a basketball team made some three-point shots, some two-point shots, and some one-point free throws. They scored as many points with two-point shots as with three-point shots. Their number of successful free throws was one more than their number of successful two-point shots. The team\'s total score was $61$ points. How many free throws did they make?\n', 2, 'https://artofproblemsolving.com/wiki/index.php/2011_AMC_12A_Problems/Problem_6', '\\ 13 '),
	(30, 'A majority of the $30$ students in Ms. Demeanor\'s class bought pencils at the school bookstore. Each of these students bought the same number of pencils, and this number was greater than $1$. The cost of a pencil in cents was greater than the number of pencils each student bought, and the total cost of all the pencils was $$17.71$. What was the cost of a pencil in cents?\n', 2, 'https://artofproblemsolving.com/wiki/index.php/2011_AMC_12A_Problems/Problem_7', '\\ 11 '),
	(31, 'In the eight term sequence $A$, $B$, $C$, $D$, $E$, $F$, $G$, $H$, the value of $C$ is $5$ and the sum of any three consecutive terms is $30$. What is $A+H$?\n', 3, 'https://artofproblemsolving.com/wiki/index.php/2011_AMC_12A_Problems/Problem_8', '\\ 25 '),
	(32, 'At a twins and triplets convention, there were $9$ sets of twins and $6$ sets of triplets, all from different families. Each twin shook hands with all the twins except his/her siblings and with half the triplets. Each triplet shook hands with all the triplets except his/her siblings and with half the twins. How many handshakes took place?\n', 3, 'https://artofproblemsolving.com/wiki/index.php/2011_AMC_12A_Problems/Problem_9', '\\ 441 '),
	(33, 'A pair of standard $6$-sided dice is rolled once. The sum of the numbers rolled determines the diameter of a circle. What is the probability that the numerical value of the area of the circle is less than the numerical value of the circle\'s circumference?\n', 3, 'https://artofproblemsolving.com/wiki/index.php/2011_AMC_12A_Problems/Problem_10', '\\ \\frac{1}{12} '),
	(34, 'Circles $A, B,$ and $C$ each have radius 1. Circles $A$ and $B$ share one point of tangency. Circle $C$ has a point of tangency with the midpoint of $\\overline{AB}.$ What is the area inside circle $C$ but outside circle $A$ and circle $B?$\n', 3, 'https://artofproblemsolving.com/wiki/index.php/2011_AMC_12A_Problems/Problem_11', '\\  2 '),
	(35, 'A power boat and a raft both left dock $A$ on a river and headed downstream. The raft drifted at the speed of the river current. The power boat maintained a constant speed with respect to the river. The power boat reached dock $B$ downriver, then immediately turned and traveled back upriver. It eventually met the raft on the river 9 hours after leaving dock $A.$ How many hours did it take the power boat to go from $A$ to $B$?\n', 4, 'https://artofproblemsolving.com/wiki/index.php/2011_AMC_12A_Problems/Problem_12', '\\ 4.5 '),
	(36, 'Triangle $ABC$ has side-lengths $AB = 12, BC = 24,$ and $AC = 18.$ The line through the incenter of $\\triangle ABC$ parallel to $\\overline{BC}$ intersects $\\overline{AB}$ at $M$ and $\\overline{AC}$ at $N.$ What is the perimeter of $\\triangle AMN?$\n', 4, 'https://artofproblemsolving.com/wiki/index.php/2011_AMC_12A_Problems/Problem_13', '\\ 30 '),
	(37, 'Suppose $a$ and $b$ are single-digit positive integers chosen independently and at random. What is the probability that the point $(a,b)$ lies above the parabola $y=ax^2-bx$?\n', 4, 'https://artofproblemsolving.com/wiki/index.php/2011_AMC_12A_Problems/Problem_14', '\\ \\frac{19}{81}'),
	(38, 'The circular base of a hemisphere of radius $2$ rests on the base of a square pyramid of height $6$. The hemisphere is tangent to the other four faces of the pyramid. What is the edge-length of the base of the pyramid?\n', 4, 'https://artofproblemsolving.com/wiki/index.php/2011_AMC_12A_Problems/Problem_15', '\\ 3\\sqrt{2} '),
	(39, 'Each vertex of convex pentagon $ABCDE$ is to be assigned a color. There are $6$ colors to choose from, and the ends of each diagonal must have different colors. How many different colorings are possible?\n', 5, 'https://artofproblemsolving.com/wiki/index.php/2011_AMC_12A_Problems/Problem_16', '\\ 3120 '),
	(40, 'Circles with radii $1$, $2$, and $3$ are mutually externally tangent. What is the area of the triangle determined by the points of tangency?\n', 5, 'https://artofproblemsolving.com/wiki/index.php/2011_AMC_12A_Problems/Problem_17', '\\ \\frac{6}{5} '),
	(41, 'Suppose that $\\left|x+y\\right|+\\left|x-y\\right|=2$. What is the maximum possible value of $x^2-6x+y^2$?\n', 5, 'https://artofproblemsolving.com/wiki/index.php/2011_AMC_12A_Problems/Problem_18', '\\ 8 '),
	(42, 'At a competition with $N$ players, the number of players given elite status is equal to $2^{1+\\lfloor \\log_{2} (N-1) \\rfloor}-N$. Suppose that $19$ players are given elite status. What is the sum of the two smallest possible values of $N$?\n', 6, 'https://artofproblemsolving.com/wiki/index.php/2011_AMC_12A_Problems/Problem_19', '\\ 154 '),
	(43, 'Let $f(x)=ax^2+bx+c$, where $a$, $b$, and $c$ are integers. Suppose that $f(1)=0$, $50<f(7)<60$, $70<f(8)<80$, $5000k<f(100)<5000(k+1)$ for some integer $k$. What is $k$?\n', 6, 'https://artofproblemsolving.com/wiki/index.php/2011_AMC_12A_Problems/Problem_20', '\\ 3 '),
	(44, 'Let $f_{1}(x)=\\sqrt{1-x}$, and for integers $n \\geq 2$, let $f_{n}(x)=f_{n-1}(\\sqrt{n^2 - x})$. If $N$ is the largest value of $n$ for which the domain of $f_{n}$ is nonempty, the domain of $f_{N}$ is $[c]$. What is $N+c$?\n', 6, 'https://artofproblemsolving.com/wiki/index.php/2011_AMC_12A_Problems/Problem_21', '\\ -226 '),
	(45, 'Let $R$ be a unit square region and $n \\geq 4$ an integer. A point $X$ in the interior of $R$ is called n-ray partitional if there are $n$ rays emanating from $X$ that divide $R$ into $n$ triangles of equal area. How many points are $100$-ray partitional but not $60$-ray partitional?\n', 6, 'https://artofproblemsolving.com/wiki/index.php/2011_AMC_12A_Problems/Problem_22', '\\ 2320 '),
	(46, 'Let $f(z)= \\frac{z+a}{z+b}$ and $g(z)=f(f(z))$, where $a$ and $b$ are complex numbers. Suppose that $\\left| a \\right| = 1$ and $g(g(z))=z$ for all $z$ for which $g(g(z))$ is defined. What is the difference between the largest and smallest possible values of $\\left| b \\right|$?\n', 7, 'https://artofproblemsolving.com/wiki/index.php/2011_AMC_12A_Problems/Problem_23', '\\ \\sqrt{3}-1 '),
	(47, 'Consider all quadrilaterals $ABCD$ such that $AB=14$, $BC=9$, $CD=7$, and $DA=12$. What is the radius of the largest possible circle that fits inside or on the boundary of such a quadrilateral?\n', 7, 'https://artofproblemsolving.com/wiki/index.php/2011_AMC_12A_Problems/Problem_24', '\\ 2\\sqrt{6} '),
	(48, 'Triangle $ABC$ has $\\angle BAC = 60^{\\circ}$, $\\angle CBA \\leq 90^{\\circ}$, $BC=1$, and $AC \\geq AB$. Let $H$, $I$, and $O$ be the orthocenter, incenter, and circumcenter of $\\triangle ABC$, respectively. Assume that the area of pentagon $BCOIH$ is the maximum possible. What is $\\angle CBA$?\n', 7, 'https://artofproblemsolving.com/wiki/index.php/2011_AMC_12A_Problems/Problem_25', '\\ 80^{\\circ} '),
	(49, 'A bug crawls along a number line, starting at $-2$. It crawls to $-6$, then turns around and crawls to $5$. How many units does the bug crawl altogether?\n', 1, 'https://artofproblemsolving.com/wiki/index.php/2012_AMC_12A_Problems/Problem_1', '\\ 15'),
	(50, 'Cagney can frost a cupcake every 20 seconds and Lacey can frost a cupcake every 30 seconds. Working together, how many cupcakes can they frost in 5 minutes?\n', 1, 'https://artofproblemsolving.com/wiki/index.php/2012_AMC_12A_Problems/Problem_2', '\\ 25'),
	(51, 'A box $2$ centimeters high, $3$ centimeters wide, and $5$ centimeters long can hold $40$ grams of clay.  A second box with twice the height, three times the width, and the same length as the first box can hold $n$ grams of clay.  What is $n$?\n', 1, 'https://artofproblemsolving.com/wiki/index.php/2012_AMC_12A_Problems/Problem_3', '\\ 240'),
	(52, 'In a bag of marbles, $\\frac{3}{5}$ of the marbles are blue and the rest are red. If the number of red marbles is doubled and the number of blue marbles stays the same, what fraction of the marbles will be red?\n', 2, 'https://artofproblemsolving.com/wiki/index.php/2012_AMC_12A_Problems/Problem_4', '\\ \\frac{4}{7}'),
	(53, 'A fruit salad consists of blueberries, raspberries, grapes, and cherries.  The fruit salad has a total of $280$ pieces of fruit.  There are twice as many raspberries as blueberries, three times as many grapes as cherries, and four times as many cherries as raspberries.  How many cherries are there in the fruit salad?\n', 2, 'https://artofproblemsolving.com/wiki/index.php/2012_AMC_12A_Problems/Problem_5', '\\ 64'),
	(54, 'The sums of three whole numbers taken in pairs are 12, 17, and 19. What is the middle number?\n', 2, 'https://artofproblemsolving.com/wiki/index.php/2012_AMC_12A_Problems/Problem_6', '\\ 7'),
	(55, 'Mary divides a circle into 12 sectors. The central angles of these sectors, measured in degrees, are all integers and they form an arithmetic sequence. What is the degree measure of the smallest possible sector angle?\n', 2, 'https://artofproblemsolving.com/wiki/index.php/2012_AMC_12A_Problems/Problem_7', '\\ 8'),
	(56, 'An iterative average of the numbers 1, 2, 3, 4, and 5 is computed the following way. Arrange the five numbers in some order. Find the mean of the first two numbers, then find the mean of that with the third number, then the mean of that with the fourth number, and finally the mean of that with the fifth number. What is the difference between the largest and smallest possible values that can be obtained using this procedure?\n', 3, 'https://artofproblemsolving.com/wiki/index.php/2012_AMC_12A_Problems/Problem_8', '\\ \\frac{17}{8}'),
	(57, 'A year is a leap year if and only if the year number is divisible by 400 (such as 2000) or is divisible by 4 but not 100 (such as 2012).  The 200th anniversary of the birth of novelist Charles Dickens was celebrated on February 7, 2012, a Tuesday.  On what day of the week was Dickens born?\n', 3, 'https://artofproblemsolving.com/wiki/index.php/2012_AMC_12A_Problems/Problem_9', '\\ \\text{Friday}'),
	(58, 'A triangle has area $30$, one side of length $10$, and the median to that side of length $9$.  Let $\\theta$ be the acute angle formed by that side and the median.  What is $\\sin{\\theta}$?\n', 3, 'https://artofproblemsolving.com/wiki/index.php/2012_AMC_12A_Problems/Problem_10', '\\ \\frac{2}{3}'),
	(59, 'Alex, Mel, and Chelsea play a game that has $6$ rounds.  In each round there is a single winner, and the outcomes of the rounds are independent.  For each round the probability that Alex wins is $\\frac{1}{2}$, and Mel is twice as likely to win as Chelsea.  What is the probability that Alex wins three rounds, Mel wins two rounds, and Chelsea wins one round?\n', 3, 'https://artofproblemsolving.com/wiki/index.php/2012_AMC_12A_Problems/Problem_11', '\\ \\frac{5}{36}'),
	(60, 'A square region $ABCD$ is externally tangent to the circle with equation $x^2+y^2=1$ at the point $(0,1)$ on the side $CD$.  Vertices $A$ and $B$ are on the circle with equation $x^2+y^2=4$.  What is the side length of this square?\n', 4, 'https://artofproblemsolving.com/wiki/index.php/2012_AMC_12A_Problems/Problem_12', '\\ \\frac{2\\sqrt{19}-4}{5}'),
	(61, 'Paula the painter and her two helpers each paint at constant, but different, rates. They always start at 8:00 AM, and all three always take the same amount of time to eat lunch. On Monday the three of them painted 50% of a house, quitting at 4:00 PM. On Tuesday, when Paula wasn\'t there, the two helpers painted only 24% of the house and quit at 2:12 PM. On Wednesday Paula worked by herself and finished the house by working until 7:12 P.M. How long, in minutes, was each day\'s lunch break?\n', 4, 'https://artofproblemsolving.com/wiki/index.php/2012_AMC_12A_Problems/Problem_13', '\\ 48'),
	(62, 'A $3 \\times 3$ square is partitioned into $9$ unit squares. Each unit square is painted either white or black with each color being equally likely, chosen independently and at random. The square is then rotated $90\\,^{\\circ}$ clockwise about its center, and every white square in a position formerly occupied by a black square is painted black. The colors of all other squares are left unchanged. What is the probability the grid is now entirely black?\n', 4, 'https://artofproblemsolving.com/wiki/index.php/2012_AMC_12A_Problems/Problem_15', '\\ \\frac{49}{512}'),
	(63, 'Circle $C_1$ has its center $O$ lying on circle $C_2$.  The two circles meet at $X$ and $Y$.  Point $Z$ in the exterior of $C_1$ lies on circle $C_2$ and $XZ=13$, $OZ=11$, and $YZ=7$.  What is the radius of circle $C_1$?\n', 5, 'https://artofproblemsolving.com/wiki/index.php/2012_AMC_12A_Problems/Problem_16', '\\ \\sqrt{30}'),
	(64, 'Let $S$ be a subset of $\\{1,2,3,\\dots,30\\}$ with the property that no pair of distinct elements in $S$ has a sum divisible by $5$.  What is the largest possible size of $S$?\n', 5, 'https://artofproblemsolving.com/wiki/index.php/2012_AMC_12A_Problems/Problem_17', '\\ 13'),
	(65, 'Triangle $ABC$ has $AB=27$, $AC=26$, and $BC=25$.  Let $I$ be the intersection of the internal angle bisectors of $\\triangle ABC$.  What is $BI$?\n', 5, 'https://artofproblemsolving.com/wiki/index.php/2012_AMC_12A_Problems/Problem_18', '\\ 15'),
	(66, 'Consider the polynomial\n\n$$P(x)=\\prod_{k=0}^{10}(x^{2^k}+2^k)=(x+1)(x^2+2)(x^4+4)\\cdots (x^{1024}+1024)$$\n\nThe coefficient of $x^{2012}$ is equal to $2^a$. What is $a$?\n', 6, 'https://artofproblemsolving.com/wiki/index.php/2012_AMC_12A_Problems/Problem_20', '\\ 6'),
	(67, 'Let $a$, $b$, and $c$ be positive integers with $a\\ge$ $b\\ge$ $c$ such that\n$a^2-b^2-c^2+ab=2011$ and\n$a^2+3b^2+3c^2-3ab-2ac-2bc=-1997$.\n\nWhat is $a$?\n', 6, 'https://artofproblemsolving.com/wiki/index.php/2012_AMC_12A_Problems/Problem_21', '\\ 253'),
	(68, 'Distinct planes $p_1,p_2,....,p_k$ intersect the interior of a cube $Q$. Let $S$ be the union of the faces of $Q$ and let $P =\\bigcup_{j=1}^{k}p_{j}$. The intersection of $P$ and $S$ consists of the union of all segments joining the midpoints of every pair of edges belonging to the same face of $Q$. What is the difference between the maximum and minimum possible values of $k$?\n', 6, 'https://artofproblemsolving.com/wiki/index.php/2012_AMC_12A_Problems/Problem_22', '\\ 20'),
	(69, 'Let $S$ be the square one of whose diagonals has endpoints $(1/10,7/10)$ and $(-1/10,-7/10)$.  A point $v=(x,y)$ is chosen uniformly at random over all pairs of real numbers $x$ and $y$ such that $0 \\le x \\le 2012$ and $0\\le y\\le 2012$.  Let $T(v)$ be a translated copy of $S$ centered at $v$.  What is the probability that the square region determined by $T(v)$ contains exactly two points with integer coefficients in its interior?\n', 7, 'https://artofproblemsolving.com/wiki/index.php/2012_AMC_12A_Problems/Problem_23', '\\frac{4}{25}'),
	(70, 'Let $\\{a_k\\}_{k=1}^{2011}$ be the sequence of real numbers defined by $a_1=0.201,$ $a_2=(0.2011)^{a_1},$ $a_3=(0.20101)^{a_2},$ $a_4=(0.201011)^{a_3}$, and in general, \n\n$$a_k=\\begin{cases}(0.\\underbrace{20101\\cdots 0101}_{k+2\\text{ digits}})^{a_{k-1}}\\qquad\\text{if }k\\text{ is odd,}\\\\(0.\\underbrace{20101\\cdots 01011}_{k+2\\text{ digits}})^{a_{k-1}}\\qquad\\text{if }k\\text{ is even.}\\end{cases}$$\n\nRearranging the numbers in the sequence  $\\{a_k\\}_{k=1}^{2011}$ in decreasing order produces a new sequence  $\\{b_k\\}_{k=1}^{2011}$.  What is the sum of all integers $k$, $1\\le k \\le 2011$, such that $a_k=b_k?$\n', 7, 'https://artofproblemsolving.com/wiki/index.php/2012_AMC_12A_Problems/Problem_24', '\\ 1341'),
	(71, 'Let $f(x)=|2\\{x\\}-1|$ where $\\{x\\}$ denotes the fractional part of $x$.  The number $n$ is the smallest positive integer such that the equation $$nf(xf(x))=x$$ has at least $2012$ real solutions.  What is $n$?  Note: the fractional part of $x$ is a real number $y=\\{x\\}$ such that $0\\le y<1$ and $x-y$ is an integer.\n', 7, 'https://artofproblemsolving.com/wiki/index.php/2012_AMC_12A_Problems/Problem_25', '\\ 32'),
	(72, 'A flower bouquet contains pink roses, red roses, pink carnations, and red carnations. One third of the pink flowers are roses, three fourths of the red flowers are carnations, and six tenths of the flowers are pink. What percent of the flowers are carnations?\n', 1, 'https://artofproblemsolving.com/wiki/index.php/2013_AMC_12A_Problems/Problem_3', '\\ 70'),
	(73, 'What is the value of $$\\frac{2^{2014}+2^{2012}}{2^{2014}-2^{2012}}?$$\n', 2, 'https://artofproblemsolving.com/wiki/index.php/2013_AMC_12A_Problems/Problem_4', '\\ \\frac{5}{3}'),
	(74, 'Tom, Dorothy, and Sammy went on a vacation and agreed to split the costs evenly. During their trip Tom paid $$105$, Dorothy paid $$125$, and Sammy paid $$175$. In order to share the costs equally, Tom gave Sammy $t$ dollars, and Dorothy gave Sammy $d$ dollars. What is $t-d$?\n', 2, 'https://artofproblemsolving.com/wiki/index.php/2013_AMC_12A_Problems/Problem_5', '\\ 20'),
	(75, 'In a recent basketball game, Shenille attempted only three-point shots and two-point shots. She was successful on $20\\%$ of her three-point shots and $30\\%$ of her two-point shots. Shenille attempted $30$ shots. How many points did she score?\n', 2, 'https://artofproblemsolving.com/wiki/index.php/2013_AMC_12A_Problems/Problem_6', '\\ 18'),
	(76, 'The sequence $S_1, S_2, S_3, \\cdots, S_{10}$ has the property that every term beginning with the third is the sum of the previous two.  That is, $$S_n = S_{n-2} + S_{n-1} \\text{ for } n \\ge 3.$$ Suppose that $S_9 = 110$ and $S_7 = 42$.  What is $S_4$?\n', 2, 'https://artofproblemsolving.com/wiki/index.php/2013_AMC_12A_Problems/Problem_7', '\\ 10'),
	(77, 'Given that $x$ and $y$ are distinct nonzero real numbers such that $x+\\tfrac{2}{x} = y + \\tfrac{2}{y}$, what is $xy$?\n', 3, 'https://artofproblemsolving.com/wiki/index.php/2013_AMC_12A_Problems/Problem_8', '\\ 2'),
	(78, 'Let $S$ be the set of positive integers $n$ for which $\\tfrac{1}{n}$ has the repeating decimal representation $0.\\overline{ab} = 0.ababab\\cdots,$ with $a$ and $b$ different digits.  What is the sum of the elements of $S$?\n', 3, 'https://artofproblemsolving.com/wiki/index.php/2013_AMC_12A_Problems/Problem_10', '\\ 143'),
	(79, 'The angles in a particular triangle are in arithmetic progression, and the side lengths are $4,5,x$. The sum of the possible values of x equals $a+\\sqrt{b}+\\sqrt{c}$ where $a, b$, and $c$ are positive integers. What is $a+b+c$?\n', 4, 'https://artofproblemsolving.com/wiki/index.php/2013_AMC_12A_Problems/Problem_12', '\\ 36'),
	(80, 'Let points $A = (0,0) , \\ B = (1,2), \\ C = (3,3),$ and $D = (4,0)$. Quadrilateral $ABCD$ is cut into equal area pieces by a line passing through $A$. This line intersects $\\overline{CD}$ at point $\\left (\\frac{p}{q}, \\frac{r}{s} \\right )$, where these fractions are in lowest terms. What is $p + q + r + s$?\n', 4, 'https://artofproblemsolving.com/wiki/index.php/2013_AMC_12A_Problems/Problem_13', ' \\ 58 '),
	(81, 'The sequence\n\n$\\log_{12}{162}$, $\\log_{12}{x}$, $\\log_{12}{y}$, $\\log_{12}{z}$, $\\log_{12}{1250}$\n\nis an arithmetic progression. What is $x$?\n', 4, 'https://artofproblemsolving.com/wiki/index.php/2013_AMC_12A_Problems/Problem_14', ' \\ 270 '),
	(82, 'Rabbits Peter and Pauline have three offspring—Flopsie, Mopsie, and Cotton-tail. These five rabbits are to be distributed to four different pet stores so that no store gets both a parent and a child. It is not required that every store gets a rabbit. In how many different ways can this be done?\n', 4, 'https://artofproblemsolving.com/wiki/index.php/2013_AMC_12A_Problems/Problem_15', ' \\ 204 '),
	(83, '$A$, $B$, $C$ are three piles of rocks. The mean weight of the rocks in $A$ is $40$ pounds, the mean weight of the rocks in $B$ is $50$ pounds, the mean weight of the rocks in the combined piles $A$ and $B$ is $43$ pounds, and the mean weight of the rocks in the combined piles $A$ and $C$ is $44$ pounds. What is the greatest possible integer value for the mean in pounds of the rocks in the combined piles $B$ and $C$?\n', 5, 'https://artofproblemsolving.com/wiki/index.php/2013_AMC_12A_Problems/Problem_16', ' \\ 59'),
	(84, 'A group of $12$ pirates agree to divide a treasure chest of gold coins among themselves as follows. The $k^\\text{th}$ pirate to take a share takes $\\frac{k}{12}$ of the coins that remain in the chest. The number of coins initially in the chest is the smallest number for which this arrangement will allow each pirate to receive a positive whole number of coins. How many coins does the $12^{\\text{th}}$ pirate receive?\n', 5, 'https://artofproblemsolving.com/wiki/index.php/2013_AMC_12A_Problems/Problem_17', ' \\ 1925 '),
	(85, 'Six spheres of radius $1$ are positioned so that their centers are at the vertices of a regular hexagon of side length $2$. The six spheres are internally tangent to a larger sphere whose center is the center of the hexagon. An eighth sphere is externally tangent to the six smaller spheres and internally tangent to the larger sphere. What is the radius of this eighth sphere?\n', 5, 'https://artofproblemsolving.com/wiki/index.php/2013_AMC_12A_Problems/Problem_18', ' \\ \\frac{3}{2} '),
	(86, 'In $\\bigtriangleup ABC$, $AB = 86$, and $AC = 97$. A circle with center $A$ and radius $AB$ intersects $\\overline{BC}$ at points $B$ and $X$. Moreover $\\overline{BX}$ and $\\overline{CX}$ have integer lengths. What is $BC$?\n', 6, 'https://artofproblemsolving.com/wiki/index.php/2013_AMC_12A_Problems/Problem_19', ' \\ 61 '),
	(87, 'Let $S$ be the set $\\{1,2,3,...,19\\}$. For $a,b \\in S$, define $a \\succ b$ to mean that either $0 < a - b \\le 9$ or $b - a > 9$. How many ordered triples $(x,y,z)$ of elements of $S$ have the property that $x \\succ y$, $y \\succ z$, and $z \\succ x$?\n', 6, 'https://artofproblemsolving.com/wiki/index.php/2013_AMC_12A_Problems/Problem_20', ' \\ 855 '),
	(88, 'A palindrome is a nonnegative integer number that reads the same forwards and backwards when written in base 10 with no leading zeros. A 6-digit palindrome $n$ is chosen uniformly at random. What is the probability that $\\frac{n}{11}$ is also a palindrome?\n', 6, 'https://artofproblemsolving.com/wiki/index.php/2013_AMC_12A_Problems/Problem_22', ' \\ \\frac{11}{30}'),
	(89, '$ABCD$ is a square of side length $\\sqrt{3} + 1$. Point $P$ is on $\\overline{AC}$ such that $AP = \\sqrt{2}$. The square region bounded by $ABCD$ is rotated $90^{\\circ}$ counterclockwise with center $P$, sweeping out a region whose area is $\\frac{1}{c} (a \\pi + b)$, where $a$, $b$, and $c$ are positive integers and $\\text{gcd}(a,b,c) = 1$. What is $a + b + c$?\n', 7, 'https://artofproblemsolving.com/wiki/index.php/2013_AMC_12A_Problems/Problem_23', ' \\ 19 '),
	(90, 'Three distinct segments are chosen at random among the segments whose end-points are the vertices of a regular 12-gon. What is the probability that the lengths of these three segments are the three side lengths of a triangle with positive area?\n', 7, 'https://artofproblemsolving.com/wiki/index.php/2013_AMC_12A_Problems/Problem_24', ' \\ \\frac{223}{286}'),
	(91, 'Let $f : \\mathbb{C} \\to \\mathbb{C}$ be defined by $f(z) = z^2 + iz + 1$. How many complex numbers $z$ are there such that $\\text{Im}(z) > 0$ and both the real and the imaginary parts of $f(z)$ are integers with absolute value at most $10$?\n', 7, 'https://artofproblemsolving.com/wiki/index.php/2013_AMC_12A_Problems/Problem_25', ' \\ 399 '),
	(92, 'What is $10\\cdot\\left(\\tfrac{1}{2}+\\tfrac{1}{5}+\\tfrac{1}{10}\\right)^{-1}?$\n', 1, 'https://artofproblemsolving.com/wiki/index.php/2014_AMC_12A_Problems/Problem_1', '\\ \\frac{25}{2} '),
	(93, 'At the theater children get in for half price.  The price for $5$ adult tickets and $4$ child tickets is $24.50$.  How much would $8$ adult tickets and $6$ child tickets cost?\n', 1, 'https://artofproblemsolving.com/wiki/index.php/2014_AMC_12A_Problems/Problem_2', '38.50'),
	(94, 'Walking down Jane Street, Ralph passed four houses in a row, each painted a different color. He passed the orange house before the red house, and he passed the blue house before the yellow house. The blue house was not next to the yellow house. How many orderings of the colored houses are possible?\n', 1, 'https://artofproblemsolving.com/wiki/index.php/2014_AMC_12A_Problems/Problem_3', '\\ 3'),
	(95, 'Suppose that $a$ cows give $b$ gallons of milk in $c$ days. At this rate, how many gallons of milk will $d$ cows give in $e$ days?\n', 2, 'https://artofproblemsolving.com/wiki/index.php/2014_AMC_12A_Problems/Problem_4', '\\ \\frac{bde}{ac}'),
	(96, 'On an algebra quiz, $10\\%$ of the students scored $70$ points, $35\\%$ scored $80$ points, $30\\%$ scored $90$ points, and the rest scored $100$ points. What is the difference between the mean and median score of the students\' scores on this quiz?\n', 2, 'https://artofproblemsolving.com/wiki/index.php/2014_AMC_12A_Problems/Problem_5', '\\ 3'),
	(97, 'The difference between a two-digit number and the number obtained by reversing its digits is $5$ times the sum of the digits of either number.  What is the sum of the two digit number and its reverse?\n', 2, 'https://artofproblemsolving.com/wiki/index.php/2014_AMC_12A_Problems/Problem_6', '99'),
	(98, 'The first three terms of a geometric progression are $\\sqrt 3$, $\\sqrt[3]3$, and $\\sqrt[6]3$.  What is the fourth term?\n', 2, 'https://artofproblemsolving.com/wiki/index.php/2014_AMC_12A_Problems/Problem_7', '1'),
	(99, 'A customer who intends to purchase an appliance has three coupons, only one of which may be used:\n\nCoupon 1: $10\\%$ off the listed price if the listed price is at least $\\textdollar50$\n\nCoupon 2: $\\textdollar 20$ off the listed price if the listed price is at least $\\textdollar100$\n\nCoupon 3: $18\\%$ off the amount by which the listed price exceeds $\\textdollar100$\n\nFor which of the following listed prices will coupon $1$ offer a greater price reduction than either coupon $2$ or coupon $3$?\n', 3, 'https://artofproblemsolving.com/wiki/index.php/2014_AMC_12A_Problems/Problem_8', '\\textdollar219.95'),
	(100, 'Five positive consecutive integers starting with $a$ have average $b$. What is the average of $5$ consecutive integers that start with $b$?\n', 3, 'https://artofproblemsolving.com/wiki/index.php/2014_AMC_12A_Problems/Problem_9', '\\ a+4'),
	(101, 'Three congruent isosceles triangles are constructed with their bases on the sides of an equilateral triangle of side length $1$.  The sum of the areas of the three isosceles triangles is the same as the area of the equilateral triangle.  What is the length of one of the two congruent sides of one of the isosceles triangles?\n', 3, 'https://artofproblemsolving.com/wiki/index.php/2014_AMC_12A_Problems/Problem_10', '\\dfrac{\\sqrt3}3'),
	(102, 'David drives from his home to the airport to catch a flight.  He drives $35$ miles in the first hour, but realizes that he will be $1$ hour late if he continues at this speed.  He increases his speed by $15$ miles per hour for the rest of the way to the airport and arrives $30$ minutes early.  How many miles is the airport from his home?\n', 3, 'https://artofproblemsolving.com/wiki/index.php/2014_AMC_12A_Problems/Problem_11', '210'),
	(103, 'Two circles intersect at points $A$ and $B$.  The minor arcs $AB$ measure $30^\\circ$ on one circle and $60^\\circ$ on the other circle.  What is the ratio of the area of the larger circle to the area of the smaller circle?\n', 4, 'https://artofproblemsolving.com/wiki/index.php/2014_AMC_12A_Problems/Problem_12', '2+\\sqrt3'),
	(104, 'A fancy bed and breakfast inn has $5$ rooms, each with a distinctive color-coded decor.  One day $5$ friends arrive to spend the night.  There are no other guests that night.  The friends can room in any combination they wish, but with no more than $2$ friends per room.  In how many ways can the innkeeper assign the guests to the rooms?\n', 4, 'https://artofproblemsolving.com/wiki/index.php/2014_AMC_12A_Problems/Problem_13', '2220'),
	(105, 'Let $a<b<c$ be three integers such that $a,b,c$ is an arithmetic progression and $a,c,b$ is a geometric progression.  What is the smallest possible value of $c$?\n', 4, 'https://artofproblemsolving.com/wiki/index.php/2014_AMC_12A_Problems/Problem_14', '2'),
	(106, 'A five-digit palindrome is a positive integer with respective digits $abcba$, where $a$ is non-zero.  Let $S$ be the sum of all five-digit palindromes.  What is the sum of the digits of $S$?\n', 4, 'https://artofproblemsolving.com/wiki/index.php/2014_AMC_12A_Problems/Problem_15', '18'),
	(107, 'The product $(8)(888\\dots8)$, where the second factor has $k$ digits, is an integer whose digits have a sum of $1000$.  What is $k$?\n', 5, 'https://artofproblemsolving.com/wiki/index.php/2014_AMC_12A_Problems/Problem_16', '\\ 991'),
	(108, 'The domain of the function $f(x)=\\log_{\\frac12}(\\log_4(\\log_{\\frac14}(\\log_{16}(\\log_{\\frac1{16}}x))))$ is an interval of length $\\tfrac mn$, where $m$ and $n$ are relatively prime positive integers.  What is $m+n$?\n', 5, 'https://artofproblemsolving.com/wiki/index.php/2014_AMC_12A_Problems/Problem_18', '271'),
	(109, 'There are exactly $N$ distinct rational numbers $k$ such that $|k|<200$ and $$5x^2+kx+12=0$$ has at least one integer solution for $x$.  What is $N$?\n', 6, 'https://artofproblemsolving.com/wiki/index.php/2014_AMC_12A_Problems/Problem_19', '78\\qquad'),
	(110, 'In $\\triangle BAC$, $\\angle BAC=40^\\circ$, $AB=10$, and $AC=6$.  Points $D$ and $E$ lie on $\\overline{AB}$ and $\\overline{AC}$ respectively.  What is the minimum possible value of $BE+DE+CD$?\n', 6, 'https://artofproblemsolving.com/wiki/index.php/2014_AMC_12A_Problems/Problem_20', '14'),
	(111, 'For every real number $x$, let $\\lfloor x\\rfloor$ denote the greatest integer not exceeding $x$, and let $$f(x)=\\lfloor x\\rfloor(2014^{x-\\lfloor x\\rfloor}-1).$$  The set of all numbers $x$ such that $1\\leq x<2014$ and $f(x)\\leq 1$ is a union of disjoint intervals.  What is the sum of the lengths of those intervals?\n', 6, 'https://artofproblemsolving.com/wiki/index.php/2014_AMC_12A_Problems/Problem_21', '1'),
	(112, 'The number $5^{867}$ is between $2^{2013}$ and $2^{2014}$.  How many pairs of integers $(m,n)$ are there such that $1\\leq m\\leq 2012$ and $$5^n<2^m<2^{m+2}<5^{n+1}?$$\n', 6, 'https://artofproblemsolving.com/wiki/index.php/2014_AMC_12A_Problems/Problem_22', '279'),
	(113, 'The fraction \n\n$$\\dfrac1{99^2}=0.\\overline{b_{n-1}b_{n-2}\\ldots b_2b_1b_0},$$\n\nwhere $n$ is the length of the period of the repeating decimal expansion.  What is the sum $b_0+b_1+\\cdots+b_{n-1}$?\n', 7, 'https://artofproblemsolving.com/wiki/index.php/2014_AMC_12A_Problems/Problem_23', '883'),
	(114, 'Let $f_0(x)=x+|x-100|-|x+100|$, and for $n\\geq 1$, let $f_n(x)=|f_{n-1}(x)|-1$.  For how many values of $x$ is $f_{100}(x)=0$?\n', 7, 'https://artofproblemsolving.com/wiki/index.php/2014_AMC_12A_Problems/Problem_24', '301'),
	(115, 'The parabola $P$ has focus $(0,0)$ and goes through the points $(4,3)$ and $(-4,-3)$.  For how many points $(x,y)\\in P$ with integer coordinates is it true that $|4x+3y|\\leq 1000$?\n', 7, 'https://artofproblemsolving.com/wiki/index.php/2014_AMC_12A_Problems/Problem_25', '40'),
	(116, 'What is the value of $(2^0-1+5^2-0)^{-1}\\times5?$\n', 1, 'https://artofproblemsolving.com/wiki/index.php/2015_AMC_12A_Problems/Problem_1', '\\ \\frac{1}{5}'),
	(117, 'Two of the three sides of a triangle are 20 and 15. Which of the following numbers is not a possible perimeter of the triangle?\n', 1, 'https://artofproblemsolving.com/wiki/index.php/2015_AMC_12A_Problems/Problem_2', '\\ 72'),
	(118, 'Mr. Patrick teaches math to $15$ students. He was grading tests and found that when he graded everyone\'s test except Payton\'s, the average grade for the class was $80$. After he graded Payton\'s test, the test average became $81$. What was Payton\'s score on the test?\n', 1, 'https://artofproblemsolving.com/wiki/index.php/2015_AMC_12A_Problems/Problem_3', '\\ 95'),
	(119, 'The sum of two positive numbers is $5$ times their difference. What is the ratio of the larger number to the smaller number?\n', 2, 'https://artofproblemsolving.com/wiki/index.php/2015_AMC_12A_Problems/Problem_4', '\\ \\frac{3}{2}'),
	(120, 'Sreshtha needs to estimate the quantity $\\frac{a}{b} - c$, where $a, b,$ and $c$ are large positive integers. She rounds each of the integers so that the calculation will be easier to do mentally. In which of these situations will her answer necessarily be greater than the exact value of $\\frac{a}{b} - c$?\n', 2, 'https://artofproblemsolving.com/wiki/index.php/2015_AMC_12A_Problems/Problem_5', '\\ \\text{She rounds } a \\text{ up, and she rounds } b \\text{ and } c \\text{down.}\\\\ '),
	(121, 'Two years ago Pete was three times as old as his cousin Claire. Two years before that, Pete was four times as old as Claire. In how many years will the ratio of their ages be $2$ : $1$ ?\n', 2, 'https://artofproblemsolving.com/wiki/index.php/2015_AMC_12A_Problems/Problem_6', ' \\ 4 '),
	(122, 'The ratio of the length to the width of a rectangle is $4$ : $3$. If the rectangle has diagonal of length $d$, then the area may be expressed as $kd^2$ for some constant $k$. What is $k$?\n', 3, 'https://artofproblemsolving.com/wiki/index.php/2015_AMC_12A_Problems/Problem_8', '\\ \\frac{12}{25}'),
	(123, 'A box contains 2 red marbles, 2 green marbles, and 2 yellow marbles. Carol takes 2 marbles from the box at random; then Claudia takes 2 of the remaining marbles at random; and then Cheryl takes the last 2 marbles. What is the probability that Cheryl gets 2 marbles of the same color?\n', 3, 'https://artofproblemsolving.com/wiki/index.php/2015_AMC_12A_Problems/Problem_9', '\\ \\frac{1}{5} '),
	(124, 'Integers $x$ and $y$ with $x>y>0$ satisfy $x+y+xy=80$. What is $x$?\n', 3, 'https://artofproblemsolving.com/wiki/index.php/2015_AMC_12A_Problems/Problem_10', '\\ 26'),
	(125, 'On a sheet of paper, Isabella draws a circle of radius $2$, a circle of radius $3$, and all possible lines simultaneously tangent to both circles. Isabella notices that she has drawn exactly $k \\ge  0$ lines. How many different values of $k$ are possible?\n', 3, 'https://artofproblemsolving.com/wiki/index.php/2015_AMC_12A_Problems/Problem_11', '\\ 5'),
	(126, 'The parabolas $y=ax^2 - 2$ and $y=4 - bx^2$ intersect the coordinate axes in exactly four points, and these four points are the vertices of a kite of area $12$. What is $a+b$?\n', 4, 'https://artofproblemsolving.com/wiki/index.php/2015_AMC_12A_Problems/Problem_12', '\\ 1.5'),
	(127, 'A league with 12 teams holds a round-robin tournament, with each team playing every other team exactly once. Games either end with one team victorious or else end in a draw. A team scores 2 points for every game it wins and 1 point for every game it draws. Which of the following is NOT a true statement about the list of 12 scores?\n', 4, 'https://artofproblemsolving.com/wiki/index.php/2015_AMC_12A_Problems/Problem_13', '\\ \\text{The highest score must be at least }12\\text{.}'),
	(128, 'What is the value of $a$ for which $\\frac{1}{\\text{log}_2a} + \\frac{1}{\\text{log}_3a} + \\frac{1}{\\text{log}_4a} = 1$?\n', 4, 'https://artofproblemsolving.com/wiki/index.php/2015_AMC_12A_Problems/Problem_14', '\\ 24'),
	(129, 'What is the minimum number of digits to the right of the decimal point needed to express the fraction $\\frac{123456789}{2^{26}\\cdot 5^4}$ as a decimal?\n', 4, 'https://artofproblemsolving.com/wiki/index.php/2015_AMC_12A_Problems/Problem_15', '\\ 26'),
	(130, 'Tetrahedron $ABCD$ has $AB=5$, $AC=3$, $BC=4$, $BD=4$, $AD=3$, and $CD=\\tfrac{12}5\\sqrt2$.  What is the volume of the tetrahedron?\n', 5, 'https://artofproblemsolving.com/wiki/index.php/2015_AMC_12A_Problems/Problem_16', '\\dfrac{24}5'),
	(131, 'Eight people are sitting around a circular table, each holding a fair coin. All eight people flip their coins and those who flip heads stand while those who flip tails remain seated. What is the probability that no two adjacent people will stand?\n', 5, 'https://artofproblemsolving.com/wiki/index.php/2015_AMC_12A_Problems/Problem_17', '\\dfrac{47}{256}'),
	(132, 'The zeros of the function $f(x) = x^2-ax+2a$ are integers. What is the sum of the possible values of $a$?\n', 5, 'https://artofproblemsolving.com/wiki/index.php/2015_AMC_12A_Problems/Problem_18', '\\ 16 '),
	(133, 'For some positive integers $p$, there is a quadrilateral $ABCD$ with positive integer side lengths, perimeter $p$, right angles at $B$ and $C$, $AB=2$, and $CD=AD$.  How many different values of $p<2015$ are possible?\n', 6, 'https://artofproblemsolving.com/wiki/index.php/2015_AMC_12A_Problems/Problem_19', '31'),
	(134, 'Isosceles triangles $T$ and $T\'$ are not congruent but have the same area and the same perimeter.  The sides of $T$ have lengths $5$, $5$, and $8$, while those of $T\'$ have lengths $a$, $a$, and $b$.  Which of the following numbers is closest to $b$?\n', 6, 'https://artofproblemsolving.com/wiki/index.php/2015_AMC_12A_Problems/Problem_20', '3'),
	(135, 'A circle of radius $r$ passes through both foci of, and exactly four points on, the ellipse with equation $x^2+16y^2=16.$ The set of all possible values of $r$ is an interval $[a,b).$ What is $a+b?$\n', 6, 'https://artofproblemsolving.com/wiki/index.php/2015_AMC_12A_Problems/Problem_21', '\\ \\sqrt{15}+8'),
	(136, 'For each positive integer $n$, let $S(n)$ be the number of sequences of length $n$ consisting solely of the letters $A$ and $B$, with no more than three $A$s in a row and no more than three $B$s in a row. What is the remainder when $S(2015)$ is divided by $12$?\n', 6, 'https://artofproblemsolving.com/wiki/index.php/2015_AMC_12A_Problems/Problem_22', '\\ 8'),
	(137, 'Let $S$ be a square of side length 1. Two points are chosen independently at random on the sides of $S$. The probability that the straight-line distance between the points is at least $\\frac12$ is $\\frac{a-b\\pi}{c}$, where $a,b,$ and $c$ are positive integers and $\\text{gcd}(a,b,c) = 1$. What is $a+b+c$?\n', 7, 'https://artofproblemsolving.com/wiki/index.php/2015_AMC_12A_Problems/Problem_23', '\\ 59 '),
	(138, 'Rational numbers $a$ and $b$ are chosen at random among all rational numbers in the interval $[0,2)$ that can be written as fractions $\\frac{n}{d}$ where $n$ and $d$ are integers with $1 \\le d \\le 5$. What is the probability that\n$$(\\text{cos}(a\\pi)+i\\text{sin}(b\\pi))^4$$\nis a real number?\n', 7, 'https://artofproblemsolving.com/wiki/index.php/2015_AMC_12A_Problems/Problem_24', '\\ \\frac{6}{25} '),
	(139, 'What is the value of $\\dfrac{11!-10!}{9!}$?\n', 1, 'https://artofproblemsolving.com/wiki/index.php/2016_AMC_12A_Problems/Problem_1', '\\ 100'),
	(140, 'For what value of $x$ does $10^{x}\\cdot 100^{2x}=1000^{5}$?\n', 1, 'https://artofproblemsolving.com/wiki/index.php/2016_AMC_12A_Problems/Problem_2', '\\ 3'),
	(141, 'The remainder can be defined for all real numbers $x$ and $y$ with $y \\neq 0$ by $$\\text{rem} (x ,y)=x-y\\left \\lfloor \\frac{x}{y} \\right \\rfloor$$where $\\left \\lfloor \\tfrac{x}{y} \\right \\rfloor$ denotes the greatest integer less than or equal to $\\tfrac{x}{y}$. What is the value of $\\text{rem} (\\tfrac{3}{8}, -\\tfrac{2}{5} )$?\n', 1, 'https://artofproblemsolving.com/wiki/index.php/2016_AMC_12A_Problems/Problem_3', ' -\\frac{1}{40} '),
	(142, 'The mean, median, and mode of the $7$ data values $60, 100, x, 40, 50, 200, 90$ are all equal to $x$. What is the value of $x$?\n', 2, 'https://artofproblemsolving.com/wiki/index.php/2016_AMC_12A_Problems/Problem_4', '\\ 90 '),
	(143, 'Goldbach\'s conjecture states that every even integer greater than 2 can be written as the sum of two prime numbers (for example, $2016=13+2003$). So far, no one has been able to prove that the conjecture is true, and no one has found a counterexample to show that the conjecture is false. What would a counterexample consist of?\n', 2, 'https://artofproblemsolving.com/wiki/index.php/2016_AMC_12A_Problems/Problem_5', '\\ \\text{an even integer greater than } 2 \\text{ that cannot be written as the sum of two prime numbers}'),
	(144, 'A triangular array of $2016$ coins has $1$ coin in the first row, $2$ coins in the second row, $3$ coins in the third row, and so on up to $N$ coins in the $N$th row. What is the sum of the digits of $N$?\n', 2, 'https://artofproblemsolving.com/wiki/index.php/2016_AMC_12A_Problems/Problem_6', '\\ 9'),
	(145, 'Five friends sat in a movie theater in a row containing $5$ seats, numbered $1$ to $5$ from left to right. (The directions "left" and "right" are from the point of view of the people as they sit in the seats.) During the movie Ada went to the lobby to get some popcorn. When she returned, she found that Bea had moved two seats to the right, Ceci had moved one seat to the left, and Dee and Edie had switched seats, leaving an end seat for Ada. In which seat had Ada been sitting before she got up?\n', 3, 'https://artofproblemsolving.com/wiki/index.php/2016_AMC_12A_Problems/Problem_10', ' 2 '),
	(146, 'Each of the $100$ students in a certain summer camp can either sing, dance, or act. Some students have more than one talent, but no student has all three talents. There are $42$ students who cannot sing, $65$ students who cannot dance, and $29$ students who cannot act. How many students have two of these talents? \n', 3, 'https://artofproblemsolving.com/wiki/index.php/2016_AMC_12A_Problems/Problem_11', '\\ 64'),
	(147, 'Let $N$ be a positive multiple of $5$. One red ball and $N$ green balls are arranged in a line in random order. Let $P(N)$ be the probability that at least $\\tfrac{3}{5}$ of the green balls are on the same side of the red ball. Observe that $P(5)=1$ and that $P(N)$ approaches $\\tfrac{4}{5}$ as $N$ grows large. What is the sum of the digits of the least value of $N$ such that $P(N) < \\tfrac{321}{400}$?\n', 4, 'https://artofproblemsolving.com/wiki/index.php/2016_AMC_12A_Problems/Problem_13', ' 12 '),
	(148, 'Each vertex of a cube is to be labeled with an integer $1$ through $8$, with each integer being used once, in such a way that the sum of the four numbers on the vertices of a face is the same for each face. Arrangements that can be obtained from each other through rotations of the cube are considered to be the same. How many different arrangements are possible?\n', 4, 'https://artofproblemsolving.com/wiki/index.php/2016_AMC_12A_Problems/Problem_14', '6 '),
	(149, 'Circles with centers $P, Q$ and $R$, having radii $1, 2$ and $3$, respectively, lie on the same side of line $l$ and are tangent to $l$ at $P\', Q\'$ and $R\'$, respectively, with $Q\'$ between $P\'$ and $R\'$. The circle with center $Q$ is externally tangent to each of the other two circles. What is the area of triangle $PQR$?\n', 4, 'https://artofproblemsolving.com/wiki/index.php/2016_AMC_12A_Problems/Problem_15', ' \\sqrt{6}-\\sqrt{2}'),
	(150, 'The graphs of $y=\\log_3 x, y=\\log_x 3, y=\\log_\\frac{1}{3} x,$ and $y=\\log_x \\dfrac{1}{3}$ are plotted on the same set of axes. How many points in the plane with positive $x$-coordinates lie on two or more of the graphs? \n', 5, 'https://artofproblemsolving.com/wiki/index.php/2016_AMC_12A_Problems/Problem_16', '\\ 5'),
	(151, 'Let $ABCD$ be a square. Let $E, F, G$ and $H$ be the centers, respectively, of equilateral triangles with bases $\\overline{AB}, \\overline{BC}, \\overline{CD},$ and $\\overline{DA},$ each exterior to the square. What is the ratio of the area of square $EFGH$ to the area of square $ABCD$? \n', 5, 'https://artofproblemsolving.com/wiki/index.php/2016_AMC_12A_Problems/Problem_17', '\\ \\frac{2+\\sqrt{3}}{3} '),
	(152, 'For some positive integer $n$, the number $110n^3$ has $110$ positive integer divisors, including $1$ and the number $110n^3$. How many positive integer divisors does the number $81n^4$ have?\n', 5, 'https://artofproblemsolving.com/wiki/index.php/2016_AMC_12A_Problems/Problem_18', '325'),
	(153, 'Jerry starts at $0$ on the real number line. He tosses a fair coin $8$ times. When he gets heads, he moves $1$ unit in the positive direction; when he gets tails, he moves $1$ unit in the negative direction. The probability that he reaches $4$ at some time during this process $\\frac{a}{b},$ where $a$ and $b$ are relatively prime positive integers. What is $a + b?$ (For example, he succeeds if his sequence of tosses is $HTHHHHHH.$)\n', 6, 'https://artofproblemsolving.com/wiki/index.php/2016_AMC_12A_Problems/Problem_19', '\\ 151'),
	(154, 'A binary operation $\\diamondsuit$ has the properties that $a\\,\\diamondsuit\\, (b\\,\\diamondsuit \\,c) = (a\\,\\diamondsuit \\,b)\\cdot c$ and that $a\\,\\diamondsuit \\,a=1$ for all nonzero real numbers $a, b,$ and $c$. (Here $\\cdot$ represents multiplication). The solution to the equation $2016 \\,\\diamondsuit\\, (6\\,\\diamondsuit\\, x)=100$ can be written as $\\tfrac{p}{q}$, where $p$ and $q$ are relatively prime positive integers. What is $p+q?$\n', 6, 'https://artofproblemsolving.com/wiki/index.php/2016_AMC_12A_Problems/Problem_20', '109'),
	(155, 'A quadrilateral is inscribed in a circle of radius $200\\sqrt{2}$. Three of the sides of this quadrilateral have length $200$. What is the length of the fourth side?\n', 6, 'https://artofproblemsolving.com/wiki/index.php/2016_AMC_12A_Problems/Problem_21', ' 500'),
	(156, 'How many ordered triples $(x,y,z)$ of positive integers satisfy $\\text{lcm}(x,y) = 72, \\text{lcm}(x,z) = 600 \\text{ and lcm}(y,z)=900$?\n', 6, 'https://artofproblemsolving.com/wiki/index.php/2016_AMC_12A_Problems/Problem_22', '\\ 15'),
	(157, 'Three numbers in the interval $\\left[0,1\\right]$ are chosen independently and at random. What is the probability that the chosen numbers are the side lengths of a triangle with positive area?\n', 7, 'https://artofproblemsolving.com/wiki/index.php/2016_AMC_12A_Problems/Problem_23', '\\frac12'),
	(158, 'There is a smallest positive real number $a$ such that there exists a positive real number $b$ such that all the roots of the polynomial $x^3-ax^2+bx-a$ are real. In fact, for this value of $a$ the value of $b$ is unique. What is this value of $b$?\n', 7, 'https://artofproblemsolving.com/wiki/index.php/2016_AMC_12A_Problems/Problem_24', '\\ 9'),
	(159, 'Let $k$ be a positive integer. Bernardo and Silvia take turns writing and erasing numbers on a blackboard as follows: Bernardo starts by writing the smallest perfect square with $k+1$ digits. Every time Bernardo writes a number, Silvia erases the last $k$ digits of it. Bernardo then writes the next perfect square, Silvia erases the last $k$ digits of it, and this process continues until the last two numbers that remain on the board differ by at least 2. Let $f(k)$ be the smallest positive integer not written on the board. For example, if $k = 1$, then the numbers that Bernardo writes are $16, 25, 36, 49, 64$, and the numbers showing on the board after Silvia erases are $1, 2, 3, 4,$ and $6$, and thus $f(1) = 5$. What is the sum of the digits of $f(2) + f(4)+ f(6) + \\dots + f(2016)$?\n', 7, 'https://artofproblemsolving.com/wiki/index.php/2016_AMC_12A_Problems/Problem_25', '\\ 8064'),
	(160, 'Pablo buys popsicles for his friends. The store sells single popsicles for $$1$ each, 3-popsicle boxes for $$2$, and 5-popsicle boxes for $$3$. What is the greatest number of popsicles that Pablo can buy with $$8$?\n', 1, 'https://artofproblemsolving.com/wiki/index.php/2017_AMC_12A_Problems/Problem_1', '\\ 13'),
	(161, 'The sum of two nonzero real numbers is 4 times their product. What is the sum of the reciprocals of the two numbers?\n', 1, 'https://artofproblemsolving.com/wiki/index.php/2017_AMC_12A_Problems/Problem_2', '\\ 4'),
	(162, 'Ms. Carroll promised that anyone who got all the multiple choice questions right on the upcoming exam would receive an A on the exam. Which one of these statements necessarily follows logically?\n', 1, 'https://artofproblemsolving.com/wiki/index.php/2017_AMC_12A_Problems/Problem_3', '\\ \\text{ If Lewis did not receive an A, then he got at least one of the multiple choice questions wrong.} \\\\ '),
	(163, 'Jerry and Silvia wanted to go from the southwest corner of a square field to the northeast corner. Jerry walked due east and then due north to reach the goal, but Silvia headed northeast and reached the goal walking in a straight line. Which of the following is closest to how much shorter Silvia\'s trip was, compared to Jerry\'s trip?\n', 2, 'https://artofproblemsolving.com/wiki/index.php/2017_AMC_12A_Problems/Problem_4', '\\ 30\\%'),
	(164, 'At a gathering of $30$ people, there are $20$ people who all know each other and $10$ people who know no one. People who know each other hug, and people who do not know each other shake hands. How many handshakes occur?\n', 2, 'https://artofproblemsolving.com/wiki/index.php/2017_AMC_12A_Problems/Problem_5', '\\ 245'),
	(165, 'Joy has $30$ thin rods, one each of every integer length from $1 \\text{ cm}$ through $30 \\text{ cm}$. She places the rods with lengths $3 \\text{ cm}$, $7 \\text{ cm}$, and $15 \\text{cm}$ on a table. She then wants to choose a fourth rod that she can put with these three to form a quadrilateral with positive area. How many of the remaining rods can she choose as the fourth rod?\n', 2, 'https://artofproblemsolving.com/wiki/index.php/2017_AMC_12A_Problems/Problem_6', '\\ 17 '),
	(166, 'Define a function on the positive integers recursively by $f(1) = 2$, $f(n) = f(n-1) + 1$ if $n$ is even, and $f(n) = f(n-2) + 2$ if $n$ is odd and greater than $1$. What is $f(2017)$?\n', 2, 'https://artofproblemsolving.com/wiki/index.php/2017_AMC_12A_Problems/Problem_7', '\\ 2018 '),
	(167, 'The region consisting of all points in three-dimensional space within $3$ units of line segment $\\overline{AB}$ has volume $216 \\pi$. What is the length $AB$?\n', 3, 'https://artofproblemsolving.com/wiki/index.php/2017_AMC_12A_Problems/Problem_8', '\\ 20 '),
	(168, 'Let $S$ be the set of points $(x,y)$ in the coordinate plane such that two of the three quantities $3$, $x+2$, and $y-4$ are equal and the third of the three quantities is no greater than the common value. Which of the following is a correct description of $S$?\n', 3, 'https://artofproblemsolving.com/wiki/index.php/2017_AMC_12A_Problems/Problem_9', '\\ \\text{three rays with a common point}'),
	(169, 'Chloe chooses a real number uniformly at random from the interval $[ 0,2017 ]$. Independently, Laurent chooses a real number uniformly at random from the interval $[ 0 , 4034 ]$. What is the probability that Laurent\'s number is greater than Chloe\'s number?  \n', 3, 'https://artofproblemsolving.com/wiki/index.php/2017_AMC_12A_Problems/Problem_10', '\\ \\dfrac{3}{4} '),
	(170, 'Claire adds the degree measures of the interior angles of a convex polygon and arrives at a sum of $2017$. She then discovers that she forgot to include one angle. What is the degree measure of the forgotten angle?\n', 3, 'https://artofproblemsolving.com/wiki/index.php/2017_AMC_12A_Problems/Problem_11', '\\ 143'),
	(171, 'There are $10$ horses, named Horse 1, Horse 2, $\\ldots$, Horse 10. They get their names from how many minutes it takes them to run one lap around a circular race track: Horse $k$ runs one lap in exactly $k$ minutes. At time 0 all the horses are together at the starting point on the track. The horses start running in the same direction, and they keep running around the circular track at their constant speeds. The least time $S > 0$, in minutes, at which all $10$ horses will again simultaneously be at the starting point is $S = 2520$. Let  $T>0$ be the least time, in minutes, such that at least $5$ of the horses are again at the starting point. What is the sum of the digits of  $T$?\n', 4, 'https://artofproblemsolving.com/wiki/index.php/2017_AMC_12A_Problems/Problem_12', '\\ 3'),
	(172, 'Driving at a constant speed, Sharon usually takes $180$ minutes to drive from her house to her mother\'s house. One day Sharon begins the drive at her usual speed, but after driving $\\frac{1}{3}$ of the way, she hits a bad snowstorm and reduces her speed by $20$ miles per hour. This time the trip takes her a total of $276$ minutes. How many miles is the drive from Sharon\'s house to her mother\'s house?\n', 4, 'https://artofproblemsolving.com/wiki/index.php/2017_AMC_12A_Problems/Problem_13', '\\ 135 '),
	(173, 'Alice refuses to sit next to either Bob or Carla. Derek refuses to sit next to Eric. How many ways are there for the five of them to sit in a row of $5$ chairs under these conditions?\n', 4, 'https://artofproblemsolving.com/wiki/index.php/2017_AMC_12A_Problems/Problem_14', '\\ 28 '),
	(174, 'Let $f(x) = \\sin{x} + 2\\cos{x} + 3\\tan{x}$, using radian measure for the variable $x$. In what interval does the smallest positive value of $x$ for which $f(x) = 0$ lie?\n', 4, 'https://artofproblemsolving.com/wiki/index.php/2017_AMC_12A_Problems/Problem_15', '\\ (3, 4) '),
	(175, 'There are $24$ different complex numbers $z$ such that $z^{24}=1$. For how many of these is $z^6$ a real number?\n', 5, 'https://artofproblemsolving.com/wiki/index.php/2017_AMC_12A_Problems/Problem_17', '\\ 12 '),
	(176, 'Let $S(n)$ equal the sum of the digits of positive integer $n$. For example, $S(1507) = 13$. For a particular positive integer $n$, $S(n) = 1274$. Which of the following could be the value of $S(n+1)$?\n', 5, 'https://artofproblemsolving.com/wiki/index.php/2017_AMC_12A_Problems/Problem_18', '\\ 1239'),
	(177, 'A square with side length $x$ is inscribed in a right triangle with sides of length $3$, $4$, and $5$ so that one vertex of the square coincides with the right-angle vertex of the triangle. A square with side length $y$ is inscribed in another right triangle with sides of length $3$, $4$, and $5$ so that one side of the square lies on the hypotenuse of the triangle. What is $\\frac{x}{y}$?\n', 6, 'https://artofproblemsolving.com/wiki/index.php/2017_AMC_12A_Problems/Problem_19', '\\ \\frac{37}{35} '),
	(178, 'How many ordered pairs $(a,b)$ such that $a$ is a positive real number and $b$ is an integer between $2$ and $200$, inclusive, satisfy the equation $(\\log_b a)^{2017}=\\log_b(a^{2017})?$\n', 6, 'https://artofproblemsolving.com/wiki/index.php/2017_AMC_12A_Problems/Problem_20', '\\ 597'),
	(179, 'A set $S$ is constructed as follows. To begin, $S = \\{0,10\\}$. Repeatedly, as long as possible, if $x$ is an integer root of some polynomial $a_{n}x^n + a_{n-1}x^{n-1} + \\dots + a_{1}x + a_0$ for some $n\\geq{1}$, all of whose coefficients $a_i$ are elements of $S$, then $x$ is put into $S$. When no more elements can be added to $S$, how many elements does $S$ have?\n', 6, 'https://artofproblemsolving.com/wiki/index.php/2017_AMC_12A_Problems/Problem_21', '\\ 9 '),
	(180, 'A square is drawn in the Cartesian coordinate plane with vertices at $(2, 2)$, $(-2, 2)$, $(-2, -2)$, $(2, -2)$. A particle starts at $(0,0)$. Every second it moves with equal probability to one of the eight lattice points (points with integer coordinates) closest to its current position, independently of its previous moves. In other words, the probability is $1/8$ that the particle will move from $(x, y)$ to each of $(x, y + 1)$, $(x + 1, y + 1)$, $(x + 1, y)$, $(x + 1, y - 1)$, $(x, y - 1)$, $(x - 1, y - 1)$, $(x - 1, y)$, or $(x - 1, y + 1)$. The particle will eventually hit the square for the first time, either at one of the 4 corners of the square or at one of the 12 lattice points in the interior of one of the sides of the square. The probability that it will hit at a corner rather than at an interior point of a side is $m/n$, where $m$ and $n$ are relatively prime positive integers. What is $m + n$?\n', 6, 'https://artofproblemsolving.com/wiki/index.php/2017_AMC_12A_Problems/Problem_22', ' 39'),
	(181, 'For certain real numbers $a$, $b$, and $c$, the polynomial $$g(x) = x^3 + ax^2 + x + 10$$has three distinct roots, and each root of $g(x)$ is also a root of the polynomial $$f(x) = x^4 + x^3 + bx^2 + 100x + c.$$What is $f(1)$?\n', 7, 'https://artofproblemsolving.com/wiki/index.php/2017_AMC_12A_Problems/Problem_23', '\\ -7007 '),
	(182, 'Quadrilateral $ABCD$ is inscribed in circle $O$ and has side lengths $AB=3, BC=2, CD=6$, and $DA=8$. Let $X$ and $Y$ be points on $\\overline{BD}$ such that $\\frac{DX}{BD} = \\frac{1}{4}$ and $\\frac{BY}{BD} = \\frac{11}{36}$.\nLet $E$ be the intersection of line $AX$ and the line through $Y$ parallel to $\\overline{AD}$. Let $F$ be the intersection of line $CX$ and the line through $E$ parallel to $\\overline{AC}$. Let $G$ be the point on circle $O$ other than $C$ that lies on line $CX$. What is $XF\\cdot XG$?\n', 7, 'https://artofproblemsolving.com/wiki/index.php/2017_AMC_12A_Problems/Problem_24', '17'),
	(183, 'The vertices $V$ of a centrally symmetric hexagon in the complex plane are given by\n$$V=\\left\\{   \\sqrt{2}i,-\\sqrt{2}i, \\frac{1}{\\sqrt{8}}(1+i),\\frac{1}{\\sqrt{8}}(-1+i),\\frac{1}{\\sqrt{8}}(1-i),\\frac{1}{\\sqrt{8}}(-1-i) \\right\\}.$$\nFor each $j$, $1\\leq j\\leq 12$, an element $z_j$ is chosen from $V$ at random, independently of the other choices. Let $P={\\prod}_{j=1}^{12}z_j$ be the product of the $12$ numbers selected. What is the probability that $P=-1$?\n', 7, 'https://artofproblemsolving.com/wiki/index.php/2017_AMC_12A_Problems/Problem_25', ' \\dfrac{2^2\\cdot5\\cdot11}{3^{10}}'),
	(184, 'A large urn contains $100$ balls, of which $36 \\%$ are red and the rest are blue. How many of the blue balls must be removed so that the percentage of red balls in the urn will be $72 \\%$? (No red balls are to be removed.)\n', 1, 'https://artofproblemsolving.com/wiki/index.php/2018_AMC_12A_Problems/Problem_1', '\\ 50 '),
	(185, 'While exploring a cave, Carl comes across a collection of $5$-pound rocks worth $$14$ each, $4$-pound rocks worth $$11$ each, and $1$-pound rocks worth $$2$ each. There are at least $20$ of each size. He can carry at most $18$ pounds. What is the maximum value, in dollars, of the rocks he can carry out of the cave?\n', 1, 'https://artofproblemsolving.com/wiki/index.php/2018_AMC_12A_Problems/Problem_2', ' 50 '),
	(186, 'How many ways can a student schedule $3$ mathematics courses -- algebra, geometry, and number theory -- in a $6$-period day if no two mathematics courses can be taken in consecutive periods? (What courses the student takes during the other $3$ periods is of no concern here.)\n', 1, 'https://artofproblemsolving.com/wiki/index.php/2018_AMC_12A_Problems/Problem_3', '24'),
	(187, 'Alice, Bob, and Charlie were on a hike and were wondering how far away the nearest town was. When Alice said, "We are at least $6$ miles away," Bob replied, "We are at most $5$ miles away." Charlie then remarked, "Actually the nearest town is at most $4$ miles away." It turned out that none of the three statements were true. Let $d$ be the distance in miles to the nearest town. Which of the following intervals is the set of all possible values of $d$?\n', 2, 'https://artofproblemsolving.com/wiki/index.php/2018_AMC_12A_Problems/Problem_4', '  (5,6)  '),
	(188, 'What is the sum of all possible values of $k$ for which the polynomials $x^2 - 3x + 2$ and $x^2 - 5x + k$ have a root in common?\n', 2, 'https://artofproblemsolving.com/wiki/index.php/2018_AMC_12A_Problems/Problem_5', '10'),
	(189, 'For positive integers $m$ and $n$ such that $m+10<n+1$, both the mean and the median of the set $\\{m, m+4, m+10, n+1, n+2, 2n\\}$ are equal to $n$. What is $m+n$?\n', 2, 'https://artofproblemsolving.com/wiki/index.php/2018_AMC_12A_Problems/Problem_6', '21'),
	(190, 'For how many (not necessarily positive) integer values of $n$ is the value of $4000\\cdot \\left(\\tfrac{2}{5}\\right)^n$ an integer?\n', 2, 'https://artofproblemsolving.com/wiki/index.php/2018_AMC_12A_Problems/Problem_7', '9 \\qquad'),
	(191, 'Which of the following describes the largest subset of values of $y$ within the closed interval $[0,\\pi]$ for which\n$$\\sin(x+y)\\leq \\sin(x)+\\sin(y)$$for every $x$ between $0$ and $\\pi$, inclusive?\n\n', 3, 'https://artofproblemsolving.com/wiki/index.php/2018_AMC_12A_Problems/Problem_9', ''),
	(192, 'How many ordered pairs of real numbers $(x,y)$ satisfy the following system of equations?\n\n', 3, 'https://artofproblemsolving.com/wiki/index.php/2018_AMC_12A_Problems/Problem_10', ' 3 '),
	(193, 'Let $S$ be a set of $6$ integers taken from $\\{1,2,\\dots,12\\}$ with the property that if $a$ and $b$ are elements of $S$ with $a<b$, then $b$ is not a multiple of $a$. What is the least possible value of an element in $S$?\n', 4, 'https://artofproblemsolving.com/wiki/index.php/2018_AMC_12A_Problems/Problem_12', '\\ 4'),
	(194, 'How many nonnegative integers can be written in the form $$a_7\\cdot3^7+a_6\\cdot3^6+a_5\\cdot3^5+a_4\\cdot3^4+a_3\\cdot3^3+a_2\\cdot3^2+a_1\\cdot3^1+a_0\\cdot3^0,$$\nwhere $a_i\\in \\{-1,0,1\\}$ for $0\\le i \\le 7$?\n', 4, 'https://artofproblemsolving.com/wiki/index.php/2018_AMC_12A_Problems/Problem_13', ' 3281 '),
	(195, 'The solutions to the equation $\\log_{3x} 4 = \\log_{2x} 8$, where $x$ is a positive real number other than $\\tfrac{1}{3}$ or $\\tfrac{1}{2}$, can be written as $\\tfrac {p}{q}$ where $p$ and $q$ are relatively prime positive integers. What is $p + q$?\n', 4, 'https://artofproblemsolving.com/wiki/index.php/2018_AMC_12A_Problems/Problem_14', ' 31 '),
	(196, 'A scanning code consists of a $7 \\times 7$ grid of squares, with some of its squares colored black and the rest colored white. There must be at least one square of each color in this grid of $49$ squares. A scanning code is called $\\textit{symmetric}$ if its look does not change when the entire square is rotated by a multiple of $90 ^{\\circ}$ counterclockwise around its center, nor when it is reflected across a line joining opposite corners or a line joining midpoints of opposite sides. What is the total number of possible symmetric scanning codes?\n', 4, 'https://artofproblemsolving.com/wiki/index.php/2018_AMC_12A_Problems/Problem_15', ' \\text{ 1022} '),
	(197, 'Which of the following describes the set of values of $a$ for which the curves $x^2+y^2=a^2$ and $y=x^2-a$ in the real $xy$-plane intersect at exactly $3$ points?\n', 5, 'https://artofproblemsolving.com/wiki/index.php/2018_AMC_12A_Problems/Problem_16', 'a>\\frac12 \\qquad'),
	(198, 'Triangle $ABC$ with $AB=50$ and $AC=10$ has area $120$. Let $D$ be the midpoint of $\\overline{AB}$, and let $E$ be the midpoint of $\\overline{AC}$. The angle bisector of $\\angle BAC$ intersects $\\overline{DE}$ and $\\overline{BC}$ at $F$ and $G$, respectively. What is the area of quadrilateral $FDBG$?\n', 5, 'https://artofproblemsolving.com/wiki/index.php/2018_AMC_12A_Problems/Problem_18', '75 '),
	(199, 'Let $A$ be the set of positive integers that have no prime factors other than $2$, $3$, or $5$. The infinite sum $$\\frac{1}{1} + \\frac{1}{2} + \\frac{1}{3} + \\frac{1}{4} + \\frac{1}{5} + \\frac{1}{6} + \\frac{1}{8} + \\frac{1}{9} + \\frac{1}{10} + \\frac{1}{12} + \\frac{1}{15} + \\frac{1}{16} + \\frac{1}{18} + \\frac{1}{20} + \\cdots$$of the reciprocals of the elements of $A$ can be expressed as $\\frac{m}{n}$, where $m$ and $n$ are relatively prime positive integers. What is $m+n$?\n', 6, 'https://artofproblemsolving.com/wiki/index.php/2018_AMC_12A_Problems/Problem_19', ' 19 '),
	(200, 'Triangle $ABC$ is an isosceles right triangle with $AB=AC=3$. Let $M$ be the midpoint of hypotenuse $\\overline{BC}$. Points $I$ and $E$ lie on sides $\\overline{AC}$ and $\\overline{AB}$, respectively, so that $AI>AE$ and $AIME$ is a cyclic quadrilateral. Given that triangle $EMI$ has area $2$, the length $CI$ can be written as $\\frac{a-\\sqrt{b}}{c}$, where $a$, $b$, and $c$ are positive integers and $b$ is not divisible by the square of any prime. What is the value of $a+b+c$?\n', 6, 'https://artofproblemsolving.com/wiki/index.php/2018_AMC_12A_Problems/Problem_20', '12 '),
	(201, 'Which of the following polynomials has the greatest real root?\n', 6, 'https://artofproblemsolving.com/wiki/index.php/2018_AMC_12A_Problems/Problem_21', '   x^{17}+2018x^{11}+1   '),
	(202, 'The solutions to the equations $z^2=4+4\\sqrt{15}i$ and $z^2=2+2\\sqrt 3i,$ where $i=\\sqrt{-1},$ form the vertices of a parallelogram in the complex plane. The area of this parallelogram can be written in the form $p\\sqrt q-r\\sqrt s,$ where $p,$ $q,$ $r,$ and $s$ are positive integers and neither $q$ nor $s$ is divisible by the square of any prime number. What is $p+q+r+s?$\n', 6, 'https://artofproblemsolving.com/wiki/index.php/2018_AMC_12A_Problems/Problem_22', ' 20 '),
	(203, 'In $\\triangle PAT,$ $\\angle P=36^{\\circ},$ $\\angle A=56^{\\circ},$ and $PA=10.$ Points $U$ and $G$ lie on sides $\\overline{TP}$ and $\\overline{TA},$ respectively, so that $PU=AG=1.$ Let $M$ and $N$ be the midpoints of segments $\\overline{PA}$ and $\\overline{UG},$ respectively. What is the degree measure of the acute angle formed by lines $MN$ and $PA?$\n', 7, 'https://artofproblemsolving.com/wiki/index.php/2018_AMC_12A_Problems/Problem_23', ' 80'),
	(204, 'Alice, Bob, and Carol play a game in which each of them chooses a real number between $0$ and $1.$ The winner of the game is the one whose number is between the numbers chosen by the other two players. Alice announces that she will choose her number uniformly at random from all the numbers between $0$ and $1,$ and Bob announces that he will choose his number uniformly at random from all the numbers between $\\tfrac{1}{2}$ and $\\tfrac{2}{3}.$ Armed with this information, what number should Carol choose to maximize her chance of winning?\n', 7, 'https://artofproblemsolving.com/wiki/index.php/2018_AMC_12A_Problems/Problem_24', '\\frac{13}{24} '),
	(205, 'For a positive integer $n$ and nonzero digits $a$, $b$, and $c$, let $A_n$ be the $n$-digit integer each of whose digits is equal to $a$; let $B_n$ be the $n$-digit integer each of whose digits is equal to $b$, and let $C_n$ be the $2n$-digit (not $n$-digit) integer each of whose digits is equal to $c$. What is the greatest possible value of $a + b + c$ for which there are at least two values of $n$ such that $C_n - B_n = A_n^2$?\n', 7, 'https://artofproblemsolving.com/wiki/index.php/2018_AMC_12A_Problems/Problem_25', ' 18 '),
	(206, 'The area of a pizza with radius $4$ is $N$ percent larger than the area of a pizza with radius $3$ inches. What is the integer closest to $N$?\n', 1, 'https://artofproblemsolving.com/wiki/index.php/2019_AMC_12A_Problems/Problem_1', ' 78'),
	(207, 'Suppose $a$ is $150\\%$ of $b$. What percent of $a$ is $3b$?\n', 1, 'https://artofproblemsolving.com/wiki/index.php/2019_AMC_12A_Problems/Problem_2', ' 200 '),
	(208, 'A box contains $28$ red balls, $20$ green balls, $19$ yellow balls, $13$ blue balls, $11$ white balls, and $9$ black balls. What is the minimum number of balls that must be drawn from the box without replacement to guarantee that at least $15$ balls of a single color will be drawn?\n', 1, 'https://artofproblemsolving.com/wiki/index.php/2019_AMC_12A_Problems/Problem_3', ' 76 '),
	(209, 'What is the greatest number of consecutive integers whose sum is $45?$\n', 2, 'https://artofproblemsolving.com/wiki/index.php/2019_AMC_12A_Problems/Problem_4', ' 90 '),
	(210, 'Two lines with slopes $\\dfrac{1}{2}$ and $2$ intersect at $(2,2)$. What is the area of the triangle enclosed by these two lines and the line $x+y=10  ?$\n', 2, 'https://artofproblemsolving.com/wiki/index.php/2019_AMC_12A_Problems/Problem_5', ' 6 '),
	(211, 'Melanie computes the mean $\\mu$, the median $M$, and the modes of the $365$ values that are the dates in the months of $2019$. Thus her data consist of $12$ $1\\text{s}$, $12$ $2\\text{s}$, . . . , $12$ $28\\text{s}$, $11$ $29\\text{s}$, $11$ $30\\text{s}$, and $7$ $31\\text{s}$. Let $d$ be the median of the modes. Which of the following statements is true?\n', 2, 'https://artofproblemsolving.com/wiki/index.php/2019_AMC_12A_Problems/Problem_7', ' d < \\mu < M'),
	(212, 'For a set of four distinct lines in a plane, there are exactly $N$ distinct points that lie on two or more of the lines. What is the sum of all possible values of $N$?\n', 3, 'https://artofproblemsolving.com/wiki/index.php/2019_AMC_12A_Problems/Problem_8', ' 19 '),
	(213, 'A sequence of numbers is defined recursively by $a_1 = 1$, $a_2 = \\frac{3}{7}$, and\n$$a_n=\\frac{a_{n-2} \\cdot a_{n-1}}{2a_{n-2} - a_{n-1}}$$for all $n \\geq 3$ Then $a_{2019}$ can be written as $\\frac{p}{q}$, where $p$ and $q$ are relatively prime positive integers. What is $p+q ?$\n', 3, 'https://artofproblemsolving.com/wiki/index.php/2019_AMC_12A_Problems/Problem_9', ' 8078'),
	(214, 'For some positive integer $k$, the repeating base-$k$ representation of the (base-ten) fraction $\\frac{7}{51}$ is $0.\\overline{23}_k = 0.232323..._k$. What is $k$?\n', 3, 'https://artofproblemsolving.com/wiki/index.php/2019_AMC_12A_Problems/Problem_11', ' 16 '),
	(215, 'Positive real numbers $x \\neq 1$ and $y \\neq 1$ satisfy $\\log_2{x} = \\log_y{16}$ and $xy = 64$. What is $(\\log_2{\\tfrac{x}{y}})^2$?\n', 4, 'https://artofproblemsolving.com/wiki/index.php/2019_AMC_12A_Problems/Problem_12', ' 20 '),
	(216, 'How many ways are there to paint each of the integers $2, 3, \\dots, 9$ either red, green, or blue so that each number has a different color from each of its proper divisors?\n', 4, 'https://artofproblemsolving.com/wiki/index.php/2019_AMC_12A_Problems/Problem_13', '\\ 432'),
	(217, 'For a certain complex number $c$, the polynomial\n$$P(x) = (x^2 - 2x + 2)(x^2 - cx + 4)(x^2 - 4x + 8)$$has exactly 4 distinct roots. What is $|c|$?\n', 4, 'https://artofproblemsolving.com/wiki/index.php/2019_AMC_12A_Problems/Problem_14', ' \\sqrt{10}'),
	(218, 'Positive real numbers $a$ and $b$ have the property that\n$$\\sqrt{\\log{a}} + \\sqrt{\\log{b}} + \\log \\sqrt{a} + \\log \\sqrt{b} = 100$$\nand all four terms on the left are positive integers, where log denotes the base 10 logarithm. What is $ab$?\n', 4, 'https://artofproblemsolving.com/wiki/index.php/2019_AMC_12A_Problems/Problem_15', '  10^{164} '),
	(219, 'The numbers $1,2,\\dots,9$ are randomly placed into the $9$ squares of a $3 \\times 3$ grid. Each square gets one number, and each of the numbers is used once. What is the probability that the sum of the numbers in each row and each column is odd?\n', 5, 'https://artofproblemsolving.com/wiki/index.php/2019_AMC_12A_Problems/Problem_16', '\\frac{1}{14}'),
	(220, 'Let $s_k$ denote the sum of the $\\textit{k}$th powers of the roots of the polynomial $x^3-5x^2+8x-13$. In particular, $s_0=3$, $s_1=5$, and $s_2=9$. Let $a$, $b$, and $c$ be real numbers such that $s_{k+1} = a \\, s_k + b \\, s_{k-1} + c \\, s_{k-2}$ for $k = 2$, $3$, $....$ What is $a+b+c$?\n', 5, 'https://artofproblemsolving.com/wiki/index.php/2019_AMC_12A_Problems/Problem_17', ' \\; 10 '),
	(221, 'A sphere with center $O$ has radius $6$. A triangle with sides of length $15, 15,$ and $24$ is situated in space so that each of its sides is tangent to the sphere. What is the distance between $O$ and the plane determined by the triangle?\n', 5, 'https://artofproblemsolving.com/wiki/index.php/2019_AMC_12A_Problems/Problem_18', '2\\sqrt{5}'),
	(222, 'In $\\triangle ABC$ with integer side lengths, $\\cos A = \\frac{11}{16}$, $\\cos B = \\frac{7}{8}$, and $\\cos C = -\\frac{1}{4}$. What is the least possible perimeter for $\\triangle ABC$?\n', 6, 'https://artofproblemsolving.com/wiki/index.php/2019_AMC_12A_Problems/Problem_19', ' 9 '),
	(223, 'Real numbers between 0 and 1, inclusive, are chosen in the following manner. A fair coin is flipped. If it lands heads, then it is flipped again and the chosen number is 0 if the second flip is heads, and 1 if the second flip is tails. On the other hand, if the first coin flip is tails, then the number is chosen uniformly at random from the closed interval $[0,1]$. Two random numbers $x$ and $y$ are chosen independently in this manner. What is the probability that $|x-y| > \\tfrac{1}{2}$?\n', 6, 'https://artofproblemsolving.com/wiki/index.php/2019_AMC_12A_Problems/Problem_20', ' \\frac{7}{16} '),
	(224, 'Let $$z=\\frac{1+i}{\\sqrt{2}}.$$What is $$\\left(z^{1^2}+z^{2^2}+z^{3^2}+\\dots+z^{{12}^2}\\right) \\cdot \\left(\\frac{1}{z^{1^2}}+\\frac{1}{z^{2^2}}+\\frac{1}{z^{3^2}}+\\dots+\\frac{1}{z^{{12}^2}}\\right)?$$\n', 6, 'https://artofproblemsolving.com/wiki/index.php/2019_AMC_12A_Problems/Problem_21', ' 36 '),
	(225, 'Circles $\\omega$ and $\\gamma$, both centered at $O$, have radii $20$ and $17$, respectively. Equilateral triangle $ABC$, whose interior lies in the interior of $\\omega$ but in the exterior of $\\gamma$, has vertex $A$ on $\\omega$, and the line containing side $\\overline{BC}$ is tangent to $\\gamma$. Segments $\\overline{AO}$ and $\\overline{BC}$ intersect at $P$, and $\\dfrac{BP}{CP} = 3$. Then $AB$ can be written in the form $\\dfrac{m}{\\sqrt{n}} - \\dfrac{p}{\\sqrt{q}}$ for positive integers $m$, $n$, $p$, $q$ with $\\text{gcd}(m,n) = \\text{gcd}(p,q) = 1$. What is $m+n+p+q$?\n$\\phantom{}$\n', 6, 'https://artofproblemsolving.com/wiki/index.php/2019_AMC_12A_Problems/Problem_22', ' 130'),
	(226, 'Define binary operations $\\diamondsuit$ and $\\heartsuit$ by $$a \\, \\diamondsuit \\, b = a^{\\log_{7}(b)} \\qquad \\text{and} \\qquad a  \\, \\heartsuit \\, b = a^{\\frac{1}{\\log_{7}(b)}}$$for all real numbers $a$ and $b$ for which these expressions are defined. The sequence $(a_n)$ is defined recursively by $a_3 = 3\\, \\heartsuit\\, 2$ and $$a_n = (n\\, \\heartsuit\\, (n-1)) \\,\\diamondsuit\\, a_{n-1}$$for all integers $n \\geq 4$. To the nearest integer, what is $\\log_{7}(a_{2019})$?\n', 7, 'https://artofproblemsolving.com/wiki/index.php/2019_AMC_12A_Problems/Problem_23', ' 11 '),
	(227, 'For how many integers $n$ between $1$ and $50$, inclusive, is $$\\frac{(n^2-1)!}{(n!)^n}$$ an integer? (Recall that $0! = 1$.)\n', 7, 'https://artofproblemsolving.com/wiki/index.php/2019_AMC_12A_Problems/Problem_24', ' 34 '),
	(228, 'Let $\\triangle A_0B_0C_0$ be a triangle whose angle measures are exactly $59.999^\\circ$, $60^\\circ$, and $60.001^\\circ$. For each positive integer $n$, define $A_n$ to be the foot of the altitude from $A_{n-1}$ to line $B_{n-1}C_{n-1}$. Likewise, define $B_n$ to be the foot of the altitude from $B_{n-1}$ to line $A_{n-1}C_{n-1}$, and $C_n$ to be the foot of the altitude from $C_{n-1}$ to line $A_{n-1}B_{n-1}$. What is the least positive integer $n$ for which $\\triangle A_nB_nC_n$ is obtuse?\n', 7, 'https://artofproblemsolving.com/wiki/index.php/2019_AMC_12A_Problems/Problem_25', ' 15'),
	(229, 'Carlos took $70\\%$ of a whole pie. Maria took one third of the remainder. What portion of the whole pie was left?\n', 1, 'https://artofproblemsolving.com/wiki/index.php/2020_AMC_12A_Problems/Problem_1', '\\ 20\\%'),
	(230, 'A driver travels for $2$ hours at $60$ miles per hour, during which her car gets $30$ miles per gallon of gasoline. She is paid $$0.50$ per mile, and her only expense is gasoline at $$2.00$ per gallon. What is her net rate of pay, in dollars per hour, after this expense?\n', 1, 'https://artofproblemsolving.com/wiki/index.php/2020_AMC_12A_Problems/Problem_3', '\\ 26'),
	(231, 'How many $4$-digit positive integers (that is, integers between $1000$ and $9999$, inclusive) having only even digits are divisible by $5?$\n', 2, 'https://artofproblemsolving.com/wiki/index.php/2020_AMC_12A_Problems/Problem_4', ' 100 '),
	(232, 'The $25$ integers from $-10$ to $14,$ inclusive, can be arranged to form a $5$-by-$5$ square in which the sum of the numbers in each row, the sum of the numbers in each column, and the sum of the numbers along each of the main diagonals are all the same. What is the value of this common sum?\n', 2, 'https://artofproblemsolving.com/wiki/index.php/2020_AMC_12A_Problems/Problem_5', ' 10'),
	(233, 'Seven cubes, whose volumes are $1$, $8$, $27$, $64$, $125$, $216$, and $343$ cubic units, are stacked vertically to form a tower in which the volumes of the cubes decrease from bottom to top. Except for the bottom cube, the bottom face of each cube lies completely on top of the cube below it. What is the total surface area of the tower (including the bottom) in square units?\n', 2, 'https://artofproblemsolving.com/wiki/index.php/2020_AMC_12A_Problems/Problem_7', '\\ 658'),
	(234, 'What is the median of the following list of $4040$ numbers$?$\n$$1, 2, 3, \\ldots, 2020, 1^2, 2^2, 3^2, \\ldots, 2020^2$$\n\n', 3, 'https://artofproblemsolving.com/wiki/index.php/2020_AMC_12A_Problems/Problem_8', '\\ 1976.5'),
	(235, 'How many solutions does the equation $\\tan(2x)=\\cos(\\tfrac{x}{2})$ have on the interval $[0,2\\pi]?$\n', 3, 'https://artofproblemsolving.com/wiki/index.php/2020_AMC_12A_Problems/Problem_9', '\\ 5'),
	(236, 'There is a unique positive integer $n$ such that$$\\log_2{(\\log_{16}{n})} = \\log_4{(\\log_4{n})}.$$What is the sum of the digits of $n?$\n', 3, 'https://artofproblemsolving.com/wiki/index.php/2020_AMC_12A_Problems/Problem_10', ' 13'),
	(237, 'A frog sitting at the point $(1, 2)$ begins a sequence of jumps, where each jump is parallel to one of the coordinate axes and has length $1$, and the direction of each jump (up, down, right, or left) is chosen independently at random. The sequence ends when the frog reaches a side of the square with vertices $(0,0), (0,4), (4,4),$ and $(4,0)$. What is the probability that the sequence of jumps ends on a vertical side of the square?\n', 3, 'https://artofproblemsolving.com/wiki/index.php/2020_AMC_12A_Problems/Problem_11', '\\ \\frac 58'),
	(238, 'Line $l$ in the coordinate plane has equation $3x-5y+40=0$. This line is rotated $45^{\\circ}$ counterclockwise about the point $(20,20)$ to obtain line $k$. What is the $x$-coordinate of the $x$-intercept of line $k?$\n', 4, 'https://artofproblemsolving.com/wiki/index.php/2020_AMC_12A_Problems/Problem_12', ' 15 '),
	(239, 'There are integers $a, b,$ and $c,$ each greater than $1,$ such that\n\n$$\\sqrt[a]{N\\sqrt[b]{N\\sqrt[c]{N}}} = \\sqrt[36]{N^{25}}$$\n\nfor all $N \\neq 1$. What is $b$?\n', 4, 'https://artofproblemsolving.com/wiki/index.php/2020_AMC_12A_Problems/Problem_13', ' 3 '),
	(240, 'Regular octagon $ABCDEFGH$ has area $n$. Let $m$ be the area of quadrilateral $ACEG$. What is $\\tfrac{m}{n}?$\n', 4, 'https://artofproblemsolving.com/wiki/index.php/2020_AMC_12A_Problems/Problem_14', ' \\frac{\\sqrt{2}}{2} '),
	(241, 'In the complex plane, let $A$ be the set of solutions to $z^{3}-8=0$ and let $B$ be the set of solutions to $z^{3}-8z^{2}-8z+64=0.$ What is the greatest distance between a point of $A$ and a point of $B?$\n', 4, 'https://artofproblemsolving.com/wiki/index.php/2020_AMC_12A_Problems/Problem_15', ' 2\\sqrt{21} '),
	(242, 'A point is chosen at random within the square in the coordinate plane whose vertices are $(0, 0), (2020, 0), (2020, 2020),$ and $(0, 2020)$. The probability that the point is within $d$ units of a lattice point is $\\tfrac{1}{2}$. (A point $(x, y)$ is a lattice point if $x$ and $y$ are both integers.) What is $d$ to the nearest tenth$?$\n', 5, 'https://artofproblemsolving.com/wiki/index.php/2020_AMC_12A_Problems/Problem_16', ' 0.4 '),
	(243, 'The vertices of a quadrilateral lie on the graph of $y=\\ln{x}$, and the $x$-coordinates of these vertices are consecutive positive integers. The area of the quadrilateral is $\\ln{\\frac{91}{90}}$. What is the $x$-coordinate of the leftmost vertex?\n', 5, 'https://artofproblemsolving.com/wiki/index.php/2020_AMC_12A_Problems/Problem_17', ' 12 '),
	(244, 'Quadrilateral $ABCD$ satisfies $\\angle ABC = \\angle ACD = 90^{\\circ}, AC=20,$ and $CD=30.$ Diagonals $\\overline{AC}$ and $\\overline{BD}$ intersect at point $E,$ and $AE=5.$ What is the area of quadrilateral $ABCD?$\n', 5, 'https://artofproblemsolving.com/wiki/index.php/2020_AMC_12A_Problems/Problem_18', ' 360 '),
	(245, 'There exists a unique strictly increasing sequence of nonnegative integers $a_1 < a_2 < … < a_k$ such that$$\\frac{2^{289}+1}{2^{17}+1} = 2^{a_1} + 2^{a_2} + … + 2^{a_k}.$$What is $k?$\n', 6, 'https://artofproblemsolving.com/wiki/index.php/2020_AMC_12A_Problems/Problem_19', ' 137 '),
	(246, 'Let $T$ be the triangle in the coordinate plane with vertices $(0,0), (4,0),$ and $(0,3).$ Consider the following five isometries (rigid transformations) of the plane: rotations of $90^{\\circ}, 180^{\\circ},$ and $270^{\\circ}$ counterclockwise around the origin, reflection across the $x$-axis, and reflection across the $y$-axis. How many of the $125$ sequences of three of these transformations (not necessarily distinct) will return $T$ to its original position? (For example, a $180^{\\circ}$ rotation, followed by a reflection across the $x$-axis, followed by a reflection across the $y$-axis will return $T$ to its original position, but a $90^{\\circ}$ rotation, followed by a reflection across the $x$-axis, followed by another reflection across the $x$-axis will not return $T$ to its original position.)\n', 6, 'https://artofproblemsolving.com/wiki/index.php/2020_AMC_12A_Problems/Problem_20', ' 12 '),
	(247, 'How many positive integers $n$ are there such that $n$ is a multiple of $5$, and the least common multiple of $5!$ and $n$ equals $5$ times the greatest common divisor of $10!$ and $n?$\n', 6, 'https://artofproblemsolving.com/wiki/index.php/2020_AMC_12A_Problems/Problem_21', ' 48 '),
	(248, 'Let $(a_n)$ and $(b_n)$ be the sequences of real numbers such that\n$$ (2 + i)^n = a_n + b_ni $$for all integers $n\\geq 0$, where $i = \\sqrt{-1}$. What is$$\\sum_{n=0}^\\infty\\frac{a_nb_n}{7^n}\\,?$$\n', 6, 'https://artofproblemsolving.com/wiki/index.php/2020_AMC_12A_Problems/Problem_22', '\\frac7{16}'),
	(249, 'Jason rolls three fair standard six-sided dice. Then he looks at the rolls and chooses a subset of the dice (possibly empty, possibly all three dice) to reroll. After rerolling, he wins if and only if the sum of the numbers face up on the three dice is exactly $7.$ Jason always plays to optimize his chances of winning. What is the probability that he chooses to reroll exactly two of the dice?\n', 7, 'https://artofproblemsolving.com/wiki/index.php/2020_AMC_12A_Problems/Problem_23', ' \\frac{7}{36} '),
	(250, 'Suppose that $\\triangle{ABC}$ is an equilateral triangle of side length $s$, with the property that there is a unique point $P$ inside the triangle such that $AP=1$, $BP=\\sqrt{3}$, and $CP=2$. What is $s$?\n', 7, 'https://artofproblemsolving.com/wiki/index.php/2020_AMC_12A_Problems/Problem_24', ' \\sqrt{7} '),
	(251, 'The number $a=\\frac{p}{q}$, where $p$ and $q$ are relatively prime positive integers, has the property that the sum of all real numbers $x$ satisfying\n$$\\lfloor x \\rfloor \\cdot \\{x\\} = a \\cdot x^2$$\nis $420$, where $\\lfloor x \\rfloor$ denotes the greatest integer less than or equal to $x$ and $\\{x\\}=x- \\lfloor x \\rfloor$ denotes the fractional part of $x$. What is $p+q$?\n', 7, 'https://artofproblemsolving.com/wiki/index.php/2020_AMC_12A_Problems/Problem_25', ' 929 '),
	(252, 'What is the value of$$2^{1+2+3}-(2^1+2^2+2^3)?$$\n', 1, 'https://artofproblemsolving.com/wiki/index.php/2021_AMC_12A_Problems/Problem_1', '50 '),
	(253, 'The sum of two natural numbers is $17{,}402$. One of the two numbers is divisible by $10$. If the units digit of that number is erased, the other number is obtained. What is the difference of these two numbers?\n', 1, 'https://artofproblemsolving.com/wiki/index.php/2021_AMC_12A_Problems/Problem_3', ' ~14{,}238'),
	(254, 'When a student multiplied the number $66$ by the repeating decimal, \n$$\\underline{1}.\\underline{a} \\ \\underline{b} \\ \\underline{a} \\ \\underline{b}\\ldots=\\underline{1}.\\overline{\\underline{a} \\ \\underline{b}},$$ \nwhere $a$ and $b$ are digits, he did not notice the notation and just multiplied $66$ times $\\underline{1}.\\underline{a} \\ \\underline{b}.$ Later he found that his answer is $0.5$ less than the correct answer. What is the $2$-digit number $\\underline{a} \\ \\underline{b}?$\n', 2, 'https://artofproblemsolving.com/wiki/index.php/2021_AMC_12A_Problems/Problem_5', '75'),
	(255, 'A deck of cards has only red cards and black cards. The probability of a randomly chosen card being red is $\\frac13$. When $4$ black cards are added to the deck, the probability of choosing red becomes $\\frac14$. How many cards were in the deck originally?\n', 2, 'https://artofproblemsolving.com/wiki/index.php/2021_AMC_12A_Problems/Problem_6', '12 '),
	(256, 'What is the least possible value of $(xy-1)^2+(x+y)^2$ for real numbers $x$ and $y$?\n', 2, 'https://artofproblemsolving.com/wiki/index.php/2021_AMC_12A_Problems/Problem_7', ' ~1 '),
	(257, 'A sequence of numbers is defined by $D_0=0,D_1=0,D_2=1$ and $D_n=D_{n-1}+D_{n-3}$ for $n\\ge 3$. What are the parities (evenness or oddness) of the triple of numbers $(D_{2021},D_{2022},D_{2023})$, where $E$ denotes even and $O$ denotes odd?\n', 3, 'https://artofproblemsolving.com/wiki/index.php/2021_AMC_12A_Problems/Problem_8', '(E,O,E) '),
	(258, 'Which of the following is equivalent to\n$$(2+3)(2^2+3^2)(2^4+3^4)(2^8+3^8)(2^{16}+3^{16})(2^{32}+3^{32})(2^{64}+3^{64})?$$\n\n', 3, 'https://artofproblemsolving.com/wiki/index.php/2021_AMC_12A_Problems/Problem_9', ' ~3^{128}-2^{128} '),
	(259, 'A laser is placed at the point $(3,5)$. The laser beam travels in a straight line. Larry wants the beam to hit and bounce off the $y$-axis, then hit and bounce off the $x$-axis, then hit the point $(7,5)$. What is the total distance the beam will travel along this path?\n', 3, 'https://artofproblemsolving.com/wiki/index.php/2021_AMC_12A_Problems/Problem_11', '10\\sqrt2 '),
	(260, 'All the roots of the polynomial $z^6-10z^5+Az^4+Bz^3+Cz^2+Dz+16$ are positive integers, possibly repeated. What is the value of $B$?\n', 4, 'https://artofproblemsolving.com/wiki/index.php/2021_AMC_12A_Problems/Problem_12', '{-}88 '),
	(261, 'Of the following complex numbers $z$, which one has the property that $z^5$ has the greatest real part?\n', 4, 'https://artofproblemsolving.com/wiki/index.php/2021_AMC_12A_Problems/Problem_13', '{-}\\sqrt3+i '),
	(262, 'What is the value of $$\\left(\\sum_{k=1}^{20} \\log_{5^k} 3^{k^2}\\right)\\cdot\\left(\\sum_{k=1}^{100} \\log_{9^k} 25^k\\right)?$$\n', 4, 'https://artofproblemsolving.com/wiki/index.php/2021_AMC_12A_Problems/Problem_14', '21{,}000'),
	(263, 'A choir director must select a group of singers from among his $6$ tenors and $8$ basses. The only requirements are that the difference between the number of tenors and basses must be a multiple of $4$, and the group must have at least one singer. Let $N$ be the number of different groups that could be selected. What is the remainder when $N$ is divided by $100$?\n', 4, 'https://artofproblemsolving.com/wiki/index.php/2021_AMC_12A_Problems/Problem_15', ' 95'),
	(264, 'In the following list of numbers, the integer $n$ appears $n$ times in the list for $1 \\leq n \\leq 200$.$$1, 2, 2, 3, 3, 3, 4, 4, 4, 4, \\ldots, 200, 200, \\ldots , 200$$What is the median of the numbers in this list?\n', 5, 'https://artofproblemsolving.com/wiki/index.php/2021_AMC_12A_Problems/Problem_16', ' ~142 '),
	(265, 'Trapezoid $ABCD$ has $\\overline{AB}\\parallel\\overline{CD},BC=CD=43$, and $\\overline{AD}\\perp\\overline{BD}$. Let $O$ be the intersection of the diagonals $\\overline{AC}$ and $\\overline{BD}$, and let $P$ be the midpoint of $\\overline{BD}$. Given that $OP=11$, the length of $AD$ can be written in the form $m\\sqrt{n}$, where $m$ and $n$ are positive integers and $n$ is not divisible by the square of any prime. What is $m+n$?\n', 5, 'https://artofproblemsolving.com/wiki/index.php/2021_AMC_12A_Problems/Problem_17', '194'),
	(266, 'Let $f$ be a function defined on the set of positive rational numbers with the property that $f(a\\cdot b)=f(a)+f(b)$ for all positive rational numbers $a$ and $b$. Suppose that $f$ also has the property that $f(p)=p$ for every prime number $p$. For which of the following numbers $x$ is $f(x)<0$?\n', 5, 'https://artofproblemsolving.com/wiki/index.php/2021_AMC_12A_Problems/Problem_18', '\\frac{25}{11}'),
	(267, 'How many solutions does the equation $\\sin \\left( \\frac{\\pi}2 \\cos x\\right)=\\cos \\left( \\frac{\\pi}2 \\sin x\\right)$ have in the closed interval $[0,\\pi]$?\n', 6, 'https://artofproblemsolving.com/wiki/index.php/2021_AMC_12A_Problems/Problem_19', '2 '),
	(268, 'Suppose that on a parabola with vertex $V$ and a focus $F$ there exists a point $A$ such that $AF=20$ and $AV=21$. What is the sum of all possible values of the length $FV?$\n', 6, 'https://artofproblemsolving.com/wiki/index.php/2021_AMC_12A_Problems/Problem_20', '\\frac{40}3 '),
	(269, 'The five solutions to the equation$$(z-1)(z^2+2z+4)(z^2+4z+6)=0$$ may be written in the form $x_k+y_ki$ for $1\\le k\\le 5,$ where $x_k$ and $y_k$ are real. Let $\\mathcal E$ be the unique ellipse that passes through the points $(x_1,y_1),(x_2,y_2),(x_3,y_3),(x_4,y_4),$ and $(x_5,y_5)$. The eccentricity of $\\mathcal E$ can be written in the form $\\sqrt{\\frac mn}$, where $m$ and $n$ are relatively prime positive integers. What is $m+n$? (Recall that the eccentricity of an ellipse $\\mathcal E$ is the ratio $\\frac ca$, where $2a$ is the length of the major axis of $\\mathcal E$ and $2c$ is the is the distance between its two foci.)\n', 6, 'https://artofproblemsolving.com/wiki/index.php/2021_AMC_12A_Problems/Problem_21', '7 '),
	(270, 'Suppose that the roots of the polynomial $P(x)=x^3+ax^2+bx+c$ are $\\cos \\frac{2\\pi}7,\\cos \\frac{4\\pi}7,$ and $\\cos \\frac{6\\pi}7$, where angles are in radians. What is $abc$?\n', 6, 'https://artofproblemsolving.com/wiki/index.php/2021_AMC_12A_Problems/Problem_22', '\\frac{1}{32}'),
	(271, 'Frieda the frog begins a sequence of hops on a $3 \\times 3$ grid of squares, moving one square on each hop and choosing at random the direction of each hop-up, down, left, or right. She does not hop diagonally. When the direction of a hop would take Frieda off the grid, she "wraps around" and jumps to the opposite edge. For example if Frieda begins in the center square and makes two hops "up", the first hop would place her in the top row middle square, and the second hop would cause Frieda to jump to the opposite edge, landing in the bottom row middle square. Suppose Frieda starts from the center square, makes at most four hops at random, and stops hopping if she lands on a corner square. What is the probability that she reaches a corner square on one of the four hops?\n', 7, 'https://artofproblemsolving.com/wiki/index.php/2021_AMC_12A_Problems/Problem_23', ' ~\\frac{25}{32}'),
	(272, 'Semicircle $\\Gamma$ has diameter $\\overline{AB}$ of length $14$. Circle $\\Omega$ lies tangent to $\\overline{AB}$ at a point $P$ and intersects $\\Gamma$ at points $Q$ and $R$. If $QR=3\\sqrt3$ and $\\angle QPR=60^\\circ$, then the area of $\\triangle PQR$ equals $\\tfrac{a\\sqrt{b}}{c}$, where $a$ and $c$ are relatively prime positive integers, and $b$ is a positive integer not divisible by the square of any prime. What is $a+b+c$?\n', 7, 'https://artofproblemsolving.com/wiki/index.php/2021_AMC_12A_Problems/Problem_24', '122'),
	(273, 'Let $d(n)$ denote the number of positive integers that divide $n$, including $1$ and $n$. For example, $d(1)=1,d(2)=2,$ and $d(12)=6$. (This function is known as the divisor function.) Let$$f(n)=\\frac{d(n)}{\\sqrt [3]n}.$$There is a unique positive integer $N$ such that $f(N)>f(n)$ for all positive integers $n\\ne N$. What is the sum of the digits of $N?$\n', 7, 'https://artofproblemsolving.com/wiki/index.php/2021_AMC_12A_Problems/Problem_25', '9'),
	(274, 'What is the value of $$3+\\frac{1}{3+\\frac{1}{3+\\frac13}}?$$\n\n', 1, 'https://artofproblemsolving.com/wiki/index.php/2022_AMC_12A_Problems/Problem_1', '\\ \\frac{109}{33}'),
	(275, 'The sum of three numbers is $96.$ The first number is $6$ times the third number, and the third number is $40$ less than the second number. What is the absolute value of the difference between the first and second numbers?\n', 1, 'https://artofproblemsolving.com/wiki/index.php/2022_AMC_12A_Problems/Problem_2', ' 5'),
	(276, 'The least common multiple of a positive integer $n$ and $18$ is $180$, and the greatest common divisor of $n$ and $45$ is $15$. What is the sum of the digits of $n$?\n', 2, 'https://artofproblemsolving.com/wiki/index.php/2022_AMC_12A_Problems/Problem_4', ' 6 '),
	(277, 'The $\\textit{taxicab distance}$ between points $(x_1, y_1)$ and $(x_2, y_2)$ in the coordinate plane is given by $$|x_1 - x_2| + |y_1 - y_2|.$$\nFor how many points $P$ with integer coordinates is the taxicab distance between $P$ and the origin less than or equal to $20$?\n', 2, 'https://artofproblemsolving.com/wiki/index.php/2022_AMC_12A_Problems/Problem_5', ' \\, 841 '),
	(278, 'A data set consists of $6$ (not distinct) positive integers: $1$, $7$, $5$, $2$, $5$, and $X$. The average (arithmetic mean) of the $6$ numbers equals a value in the data set. What is the sum of all positive values of $X$?\n', 2, 'https://artofproblemsolving.com/wiki/index.php/2022_AMC_12A_Problems/Problem_6', ' 36 '),
	(279, 'The infinite product\n$$\\sqrt[3]{10} \\cdot \\sqrt[3]{\\sqrt[3]{10}} \\cdot \\sqrt[3]{\\sqrt[3]{\\sqrt[3]{10}}} \\ldots$$\nevaluates to a real number. What is that number?\n', 3, 'https://artofproblemsolving.com/wiki/index.php/2022_AMC_12A_Problems/Problem_8', '\\sqrt{10}'),
	(280, 'On Halloween $31$ children walked into the principal\'s office asking for candy. They\ncan be classified into three types: Some always lie; some always tell the truth; and\nsome alternately lie and tell the truth. The alternaters arbitrarily choose their first\nresponse, either a lie or the truth, but each subsequent statement has the opposite\ntruth value from its predecessor. The principal asked everyone the same three\nquestions in this order.\n\n"Are you a truth-teller?" The principal gave a piece of candy to each of the $22$\nchildren who answered yes.\n\n"Are you an alternater?" The principal gave a piece of candy to each of the $15$\nchildren who answered yes.\n\n"Are you a liar?" The principal gave a piece of candy to each of the $9$ children who\nanswered yes.\n\nHow many pieces of candy in all did the principal give to the children who always\ntell the truth?\n', 3, 'https://artofproblemsolving.com/wiki/index.php/2022_AMC_12A_Problems/Problem_9', ' 7 '),
	(281, 'How many ways are there to split the integers $1$ through $14$ into $7$ pairs such that in each pair, the greater number is at least $2$ times the lesser number?\n', 3, 'https://artofproblemsolving.com/wiki/index.php/2022_AMC_12A_Problems/Problem_10', ' 144'),
	(282, 'What is the product of all real numbers $x$ such that the distance on the number line between $\\log_6x$ and $\\log_69$ is twice the distance on the number line between $\\log_610$ and $1$?\n', 3, 'https://artofproblemsolving.com/wiki/index.php/2022_AMC_12A_Problems/Problem_11', ' 81'),
	(283, 'Let $M$ be the midpoint of $\\overline{AB}$ in regular tetrahedron $ABCD$. What is $\\cos(\\angle CMD)$?\n', 4, 'https://artofproblemsolving.com/wiki/index.php/2022_AMC_12A_Problems/Problem_12', ' \\frac13 '),
	(284, 'Let $\\mathcal{R}$ be the region in the complex plane consisting of all complex numbers $z$ that can be written as the sum of complex numbers $z_1$ and $z_2$, where $z_1$ lies on the segment with endpoints $3$ and $4i$, and $z_2$ has magnitude at most $1$. What integer is closest to the area of $\\mathcal{R}$?  \n', 4, 'https://artofproblemsolving.com/wiki/index.php/2022_AMC_12A_Problems/Problem_13', ' 13 '),
	(285, 'What is the value of $$(\\log 5)^{3}+(\\log 20)^{3}+(\\log 8)(\\log 0.25)$$ where $\\log$ denotes the base-ten logarithm?\n', 4, 'https://artofproblemsolving.com/wiki/index.php/2022_AMC_12A_Problems/Problem_14', '~2'),
	(286, 'The roots of the polynomial $10x^3 - 39x^2 + 29x - 6$ are the height, length, and width of a rectangular box (right rectangular prism). A new rectangular box is formed by lengthening each edge of the original box by $2$\nunits. What is the volume of the new box?\n', 4, 'https://artofproblemsolving.com/wiki/index.php/2022_AMC_12A_Problems/Problem_15', ' 30 '),
	(287, 'A $\\emph{triangular number}$ is a positive integer that can be expressed in the form $t_n = 1+2+3+\\cdots+n$, for some positive integer $n$. The three smallest triangular numbers that are also perfect squares are\n$t_1 = 1 = 1^2$, $t_8 = 36 = 6^2$, and $t_{49} = 1225 = 35^2$. What is the sum of the digits of the fourth smallest triangular number that is also a perfect square?\n', 5, 'https://artofproblemsolving.com/wiki/index.php/2022_AMC_12A_Problems/Problem_16', ' 18 '),
	(288, 'Suppose $a$ is a real number such that the equation $$a\\cdot(\\sin{x}+\\sin{(2x)}) = \\sin{(3x)}$$\nhas more than one solution in the interval $(0, \\pi)$. The set of all such $a$ that can be written\nin the form $$(p,q) \\cup (q,r),$$\nwhere $p, q,$ and $r$ are real numbers with $p < q< r$. What is $p+q+r$?\n', 5, 'https://artofproblemsolving.com/wiki/index.php/2022_AMC_12A_Problems/Problem_17', ' {-}4 '),
	(289, 'Let $T_k$ be the transformation of the coordinate plane that first rotates the plane $k$ degrees counterclockwise around the origin and then reflects the plane across the $y$-axis. What is the least positive\ninteger $n$ such that performing the sequence of transformations $T_1, T_2, T_3, \\cdots, T_n$ returns the point $(1,0)$ back to itself?\n', 5, 'https://artofproblemsolving.com/wiki/index.php/2022_AMC_12A_Problems/Problem_18', ' 359 '),
	(290, 'Isosceles trapezoid $ABCD$ has parallel sides $\\overline{AD}$ and $\\overline{BC},$ with $BC < AD$ and $AB = CD.$ There is a point $P$ in the plane such that $PA=1, PB=2, PC=3,$ and $PD=4.$ What is $\\tfrac{BC}{AD}?$\n', 6, 'https://artofproblemsolving.com/wiki/index.php/2022_AMC_12A_Problems/Problem_20', '\\frac{1}{3}'),
	(291, 'Let $$P(x) = x^{2022} + x^{1011} + 1.$$ Which of the following polynomials is a factor of $P(x)$?\n', 6, 'https://artofproblemsolving.com/wiki/index.php/2022_AMC_12A_Problems/Problem_21', ' \\, x^6 + x^3 + 1'),
	(292, 'Let $c$ be a real number, and let $z_1$ and $z_2$ be the two complex numbers satisfying the equation\n$z^2 - cz + 10 = 0$. Points $z_1$, $z_2$, $\\frac{1}{z_1}$, and $\\frac{1}{z_2}$ are the vertices of (convex) quadrilateral $\\mathcal{Q}$ in the complex plane. When the area of $\\mathcal{Q}$ obtains its maximum possible value, $c$ is closest to which of the following?\n', 6, 'https://artofproblemsolving.com/wiki/index.php/2022_AMC_12A_Problems/Problem_22', '4.5 '),
	(293, 'Let $h_n$ and $k_n$ be the unique relatively prime positive integers such that $$\\frac{1}{1}+\\frac{1}{2}+\\frac{1}{3}+\\cdots+\\frac{1}{n}=\\frac{h_n}{k_n}.$$ Let $L_n$ denote the least common multiple of the numbers $1, 2, 3, \\ldots, n$. For how many integers with $1\\le{n}\\le{22}$ is $k_n<L_n$?\n', 7, 'https://artofproblemsolving.com/wiki/index.php/2022_AMC_12A_Problems/Problem_23', '8'),
	(294, 'How many strings of length $5$ formed from the digits $0$, $1$, $2$, $3$, $4$ are there such that for each $j \\in \\{1,2,3,4\\}$, at least $j$ of the digits are less than $j$? (For example, $02214$ satisfies this condition\nbecause it contains at least $1$ digit less than $1$, at least $2$ digits less than $2$, at least $3$ digits less\nthan $3$, and at least $4$ digits less than $4$. The string $23404$ does not satisfy the condition because it\ndoes not contain at least $2$ digits less than $2$.)\n', 7, 'https://artofproblemsolving.com/wiki/index.php/2022_AMC_12A_Problems/Problem_24', '1296'),
	(295, 'A circle with integer radius $r$ is centered at $(r, r)$. Distinct line segments of length $c_i$ connect points $(0, a_i)$ to $(b_i, 0)$ for $1 \\le i \\le 14$ and are tangent to the circle, where $a_i$, $b_i$, and $c_i$ are all positive integers and $c_1 \\le c_2 \\le \\cdots \\le c_{14}$. What is the ratio $\\frac{c_{14}}{c_1}$ for the least possible value of $r$?\n', 7, 'https://artofproblemsolving.com/wiki/index.php/2022_AMC_12A_Problems/Problem_25', ' ~17'),
	(296, 'Kim\'s flight took off from Newark at 10:34 AM and landed in Miami at 1:18 PM. Both cities are in the same time zone. If her flight took $h$ hours and $m$ minutes, with $0 < m < 60$, what is $h + m$?\n', 1, 'https://artofproblemsolving.com/wiki/index.php/2009_AMC_12A_Problems/Problem_1', '\\ 46 '),
	(297, 'Which of the following is equal to $1 + \\frac {1}{1 + \\frac {1}{1 + 1}}$?\n', 1, 'https://artofproblemsolving.com/wiki/index.php/2009_AMC_12A_Problems/Problem_2', '\\ \\frac {5}{3} '),
	(298, 'What number is one third of the way from $\\frac14$ to $\\frac34$?\n', 1, 'https://artofproblemsolving.com/wiki/index.php/2009_AMC_12A_Problems/Problem_3', '\\ \\frac {5}{12} '),
	(299, 'Four coins are picked out of a piggy bank that contains a collection of pennies, nickels, dimes, and quarters. Which of the following could not be the total value of the four coins, in cents?\n', 2, 'https://artofproblemsolving.com/wiki/index.php/2009_AMC_12A_Problems/Problem_4', '\\ 15 '),
	(300, 'One dimension of a cube is increased by $1$, another is decreased by $1$, and the third is left unchanged. The volume of the new rectangular solid is $5$ less than that of the cube. What was the volume of the cube?\n', 2, 'https://artofproblemsolving.com/wiki/index.php/2009_AMC_12A_Problems/Problem_5', '\\ 125 '),
	(301, 'Suppose that $P = 2^m$ and $Q = 3^n$. Which of the following is equal to $12^{mn}$ for every pair of integers $(m,n)$?\n', 2, 'https://artofproblemsolving.com/wiki/index.php/2009_AMC_12A_Problems/Problem_6', '\\ P^{2n}Q^m'),
	(302, 'The first three terms of an arithmetic sequence are $2x - 3$, $5x - 11$, and $3x + 1$ respectively. The $n$th term of the sequence is $2009$. What is $n$?\n', 2, 'https://artofproblemsolving.com/wiki/index.php/2009_AMC_12A_Problems/Problem_7', '\\ 502 '),
	(303, 'Suppose that $f(x+3)=3x^2 + 7x + 4$ and $f(x)=ax^2 + bx + c$. What is $a+b+c$?\n', 3, 'https://artofproblemsolving.com/wiki/index.php/2009_AMC_12A_Problems/Problem_9', '\\ 2 '),
	(304, 'How many positive integers less than $1000$ are $6$ times the sum of their digits?\n', 4, 'https://artofproblemsolving.com/wiki/index.php/2009_AMC_12A_Problems/Problem_12', '\\ 1 '),
	(305, 'For what value of $n$ is $i + 2i^2 + 3i^3 + \\cdots + ni^n = 48 + 49i$?\n\nNote: here $i = \\sqrt { - 1}$.\n', 4, 'https://artofproblemsolving.com/wiki/index.php/2009_AMC_12A_Problems/Problem_15', '\\ 97 '),
	(306, 'A circle with center $C$ is tangent to the positive $x$ and $y$-axes and externally tangent to the circle centered at $(3,0)$ with radius $1$. What is the sum of all possible radii of the circle with center $C$?\n', 5, 'https://artofproblemsolving.com/wiki/index.php/2009_AMC_12A_Problems/Problem_16', '\\ 8 '),
	(307, 'Let $a + ar_1 + ar_1^2 + ar_1^3 + \\cdots$ and $a + ar_2 + ar_2^2 + ar_2^3 + \\cdots$ be two different infinite geometric series of positive numbers with the same first term.  The sum of the first series is $r_1$, and the sum of the second series is $r_2$.  What is $r_1 + r_2$?\n', 5, 'https://artofproblemsolving.com/wiki/index.php/2009_AMC_12A_Problems/Problem_17', '\\ 1'),
	(308, 'For $k > 0$, let $I_k = 10\\ldots 064$, where there are $k$ zeros between the $1$ and the $6$.  Let $N(k)$ be the number of factors of $2$ in the prime factorization of $I_k$.  What is the maximum value of $N(k)$?\n', 5, 'https://artofproblemsolving.com/wiki/index.php/2009_AMC_12A_Problems/Problem_18', '\\ 7'),
	(309, 'Andrea inscribed a circle inside a regular pentagon, circumscribed a circle around the pentagon, and calculated the area of the region between the two circles.  Bethany did the same with a regular heptagon (7 sides).  The areas of the two regions were $A$ and $B$, respectively.  Each polygon had a side length of $2$.  Which of the following is true?\n', 6, 'https://artofproblemsolving.com/wiki/index.php/2009_AMC_12A_Problems/Problem_19', '\\ A = B'),
	(310, 'Convex quadrilateral $ABCD$ has $AB = 9$ and $CD = 12$.  Diagonals $AC$ and $BD$ intersect at $E$, $AC = 14$, and $\\triangle AED$ and $\\triangle BEC$ have equal areas.  What is $AE$?\n', 6, 'https://artofproblemsolving.com/wiki/index.php/2009_AMC_12A_Problems/Problem_20', '\\ 6'),
	(311, 'Let $p(x) = x^3 + ax^2 + bx + c$, where $a$, $b$, and $c$ are complex numbers.  Suppose that\n\n$$p(2009 + 9002\\pi i) = p(2009) = p(9002) = 0$$\nWhat is the number of nonreal zeros of $x^{12} + ax^8 + bx^4 + c$?\n', 6, 'https://artofproblemsolving.com/wiki/index.php/2009_AMC_12A_Problems/Problem_21', '\\ 8'),
	(312, 'A regular octahedron has side length $1$. A plane parallel to two of its opposite faces cuts the octahedron into the two congruent solids. The polygon formed by the intersection of the plane and the octahedron has area $\\frac {a\\sqrt {b}}{c}$, where $a$, $b$, and $c$ are positive integers, $a$ and $c$ are relatively prime, and $b$ is not divisible by the square of any prime. What is $a + b + c$?\n', 6, 'https://artofproblemsolving.com/wiki/index.php/2009_AMC_12A_Problems/Problem_22', '\\ 14'),
	(313, 'Functions $f$ and $g$ are quadratic, $g(x) = - f(100 - x)$, and the graph of $g$ contains the vertex of the graph of $f$. The four $x$-intercepts on the two graphs have $x$-coordinates $x_1$, $x_2$, $x_3$, and $x_4$, in increasing order, and $x_3 - x_2 = 150$. Then $x_4 - x_1 = m + n\\sqrt p$, where $m$, $n$, and $p$ are positive integers, and $p$ is not divisible by the square of any prime. What is $m + n + p$?\n', 7, 'https://artofproblemsolving.com/wiki/index.php/2009_AMC_12A_Problems/Problem_23', '\\ 752 '),
	(314, 'The tower function of twos is defined recursively as follows: $T(1) = 2$ and $T(n + 1) = 2^{T(n)}$ for $n\\ge1$. Let $A = (T(2009))^{T(2009)}$ and $B = (T(2009))^A$. What is the largest integer $k$ for which $$\\underbrace{\\log_2\\log_2\\log_2\\ldots\\log_2B}_{k\\text{ times}}$$ is defined?\n', 7, 'https://artofproblemsolving.com/wiki/index.php/2009_AMC_12A_Problems/Problem_24', '\\ 2013'),
	(315, 'The first two terms of a sequence are $a_1 = 1$ and $a_2 = \\frac {1}{\\sqrt3}$. For $n\\ge1$,\n\n$$a_{n + 2} = \\frac {a_n + a_{n + 1}}{1 - a_na_{n + 1}}.$$\nWhat is $|a_{2009}|$?\n', 7, 'https://artofproblemsolving.com/wiki/index.php/2009_AMC_12A_Problems/Problem_25', '\\ 0');

-- Dumping structure for table dailyAMC.Solutions
DROP TABLE IF EXISTS `Solutions`;
CREATE TABLE IF NOT EXISTS `Solutions` (
  `id` int NOT NULL AUTO_INCREMENT,
  `problem_id` int DEFAULT NULL,
  `solution_text` varchar(320) DEFAULT NULL,
  `is_answer` tinyint DEFAULT NULL,
  PRIMARY KEY (`id`),
  KEY `problem_id` (`problem_id`),
  CONSTRAINT `Solutions_ibfk_1` FOREIGN KEY (`problem_id`) REFERENCES `Problems` (`id`)
) ENGINE=InnoDB AUTO_INCREMENT=1575 DEFAULT CHARSET=utf8mb4 COLLATE=utf8mb4_0900_ai_ci;

-- Dumping data for table dailyAMC.Solutions: ~1,512 rows (approximately)
REPLACE INTO `Solutions` (`id`, `problem_id`, `solution_text`, `is_answer`) VALUES
	(1, 1, '-4020', 0),
	(2, 1, '0', 0),
	(3, 1, '40', 1),
	(4, 1, '401', 0),
	(5, 1, '4020', 0),
	(6, 2, '585', 1),
	(7, 2, '594', 0),
	(8, 2, '672', 0),
	(9, 2, '679', 0),
	(10, 2, '694', 0),
	(11, 3, '\\frac{x}{\\left|x\\right|}', 0),
	(12, 3, '-x^2', 0),
	(13, 3, '-2^x', 0),
	(14, 3, '-x^{-1}', 1),
	(15, 3, '\\sqrt[3]{x}', 0),
	(16, 4, '38', 0),
	(17, 4, '40', 0),
	(18, 4, '42', 1),
	(19, 4, '44', 0),
	(20, 4, '46', 0),
	(21, 5, '20', 0),
	(22, 5, '21', 0),
	(23, 5, '22', 0),
	(24, 5, '23', 0),
	(25, 5, '24', 1),
	(26, 6, '0.04', 0),
	(27, 6, '\\frac{0.4}{\\pi}', 0),
	(28, 6, '0.4', 1),
	(29, 6, '\\frac{4}{\\pi}', 0),
	(30, 6, '4', 0),
	(31, 7, '60^\\circ', 0),
	(32, 7, '75^\\circ', 0),
	(33, 7, '90^\\circ', 1),
	(34, 7, '105^\\circ', 0),
	(35, 7, '120^\\circ', 0),
	(36, 8, '7', 1),
	(37, 8, '8', 0),
	(38, 8, '10', 0),
	(39, 8, '12', 0),
	(40, 8, '15', 0),
	(41, 9, '8041', 1),
	(42, 9, '8043', 0),
	(43, 9, '8045', 0),
	(44, 9, '8047', 0),
	(45, 9, '8049', 0),
	(46, 10, '\\frac{7}{15}', 0),
	(47, 10, '\\frac{7}{8}', 0),
	(48, 10, '\\frac{8}{7}', 1),
	(49, 10, '\\frac{15}{8}', 0),
	(50, 10, '\\frac{15}{7}', 0),
	(51, 11, '0', 0),
	(52, 11, '1', 0),
	(53, 11, '2', 0),
	(54, 11, '3', 1),
	(55, 11, '4', 0),
	(56, 12, '0', 0),
	(57, 12, '1', 0),
	(58, 12, '2', 1),
	(59, 12, '4', 0),
	(60, 12, '8', 0),
	(61, 13, '30', 0),
	(62, 13, '33', 1),
	(63, 13, '35', 0),
	(64, 13, '36', 0),
	(65, 13, '37', 0),
	(66, 14, '\\frac{\\sqrt{15}-3}{6}', 0),
	(67, 14, '\\frac{6-\\sqrt{6\\sqrt{6}+2}}{12}', 0),
	(68, 14, '\\frac{\\sqrt{2}-1}{2}', 0),
	(69, 14, '\\frac{3-\\sqrt{3}}{6}', 1),
	(70, 14, '\\frac{\\sqrt{3}-1}{2}', 0),
	(71, 15, '\\frac{47}{72}', 0),
	(72, 15, '\\frac{37}{56}', 1),
	(73, 15, '\\frac{2}{3}', 0),
	(74, 15, '\\frac{49}{72}', 0),
	(75, 15, '\\frac{39}{56}', 0),
	(76, 16, '\\frac{4\\sqrt{3}}{3}', 0),
	(77, 16, '\\frac{10}{3}', 0),
	(78, 16, '4', 0),
	(79, 16, '\\frac{17}{4}', 0),
	(80, 16, '6', 1),
	(81, 17, '92', 0),
	(82, 17, '144', 0),
	(83, 17, '1568', 0),
	(84, 17, '1698', 1),
	(85, 17, '12,800', 0),
	(86, 18, '45', 1),
	(87, 18, '63', 0),
	(88, 18, '64', 0),
	(89, 18, '201', 0),
	(90, 18, '1005', 0),
	(91, 19, '2', 0),
	(92, 19, '3', 0),
	(93, 19, '8', 1),
	(94, 19, '288', 0),
	(95, 19, '2009', 0),
	(96, 20, '4', 1),
	(97, 20, '5', 0),
	(98, 20, '6', 0),
	(99, 20, '7', 0),
	(100, 20, '8', 0),
	(101, 21, '49', 1),
	(102, 21, '50', 0),
	(103, 21, '51', 0),
	(104, 21, '52', 0),
	(105, 21, '53', 0),
	(106, 22, '12', 1),
	(107, 22, '32', 0),
	(108, 22, '48', 0),
	(109, 22, '52', 0),
	(110, 22, '68', 0),
	(111, 23, '2', 0),
	(112, 23, '12', 1),
	(113, 23, '18', 0),
	(114, 23, '22', 0),
	(115, 23, '36', 0),
	(116, 24, '560', 0),
	(117, 24, '564', 0),
	(118, 24, '568', 1),
	(119, 24, '1498', 0),
	(120, 24, '2255', 0),
	(121, 25, '24.00', 0),
	(122, 25, '24.50', 0),
	(123, 25, '25.50', 0),
	(124, 25, '28.00', 1),
	(125, 25, '30.00', 0),
	(126, 26, '11', 0),
	(127, 26, '12', 0),
	(128, 26, '13', 0),
	(129, 26, '14', 0),
	(130, 26, '15', 1),
	(131, 27, '12', 0),
	(132, 27, '\\frac{37}{3}', 0),
	(133, 27, '\\frac{88}{7}', 1),
	(134, 27, '13', 0),
	(135, 27, '14', 0),
	(136, 28, '20', 0),
	(137, 28, '30', 0),
	(138, 28, '40', 1),
	(139, 28, '50', 0),
	(140, 28, '60', 0),
	(141, 29, '13', 1),
	(142, 29, '14', 0),
	(143, 29, '15', 0),
	(144, 29, '16', 0),
	(145, 29, '17', 0),
	(146, 30, '7', 0),
	(147, 30, '11', 1),
	(148, 30, '17', 0),
	(149, 30, '23', 0),
	(150, 30, '77', 0),
	(151, 31, '17', 0),
	(152, 31, '18', 0),
	(153, 31, '25', 1),
	(154, 31, '26', 0),
	(155, 31, '43', 0),
	(156, 32, '324', 0),
	(157, 32, '441', 1),
	(158, 32, '630', 0),
	(159, 32, '648', 0),
	(160, 32, '882', 0),
	(161, 33, '\\frac{1}{36}', 0),
	(162, 33, '\\frac{1}{12}', 1),
	(163, 33, '\\frac{1}{6}', 0),
	(164, 33, '\\frac{1}{4}', 0),
	(165, 33, '\\frac{5}{18}', 0),
	(166, 34, '3-\\frac{\\pi}{2}', 0),
	(167, 34, '\\frac{\\pi}{2}', 0),
	(168, 34, '2', 1),
	(169, 34, '\\frac{3\\pi}{4}', 0),
	(170, 34, '1+\\frac{\\pi}{2}', 0),
	(171, 35, '3', 0),
	(172, 35, '3.5', 0),
	(173, 35, '4', 0),
	(174, 35, '4.5', 1),
	(175, 35, '5', 0),
	(176, 36, '27', 0),
	(177, 36, '30', 1),
	(178, 36, '33', 0),
	(179, 36, '36', 0),
	(180, 36, '42', 0),
	(181, 37, '\\frac{11}{81}', 0),
	(182, 37, '\\frac{13}{81}', 0),
	(183, 37, '\\frac{5}{27}', 0),
	(184, 37, '\\frac{17}{81}', 0),
	(185, 37, '\\frac{19}{81}', 1),
	(186, 38, '3\\sqrt{2}', 1),
	(187, 38, '\\frac{13}{3}', 0),
	(188, 38, '4\\sqrt{2}', 0),
	(189, 38, '6', 0),
	(190, 38, '\\frac{13}{2}', 0),
	(191, 39, '2520', 0),
	(192, 39, '2880', 0),
	(193, 39, '3120', 1),
	(194, 39, '3250', 0),
	(195, 39, '3750', 0),
	(196, 40, '\\frac{3}{5}', 0),
	(197, 40, '\\frac{4}{5}', 0),
	(198, 40, '1', 0),
	(199, 40, '\\frac{6}{5}', 1),
	(200, 40, '\\frac{4}{3}', 0),
	(201, 41, '5', 0),
	(202, 41, '6', 0),
	(203, 41, '7', 0),
	(204, 41, '8', 1),
	(205, 41, '9', 0),
	(206, 42, '38', 0),
	(207, 42, '90', 0),
	(208, 42, '154', 1),
	(209, 42, '406', 0),
	(210, 42, '1024', 0),
	(211, 43, '1', 0),
	(212, 43, '2', 0),
	(213, 43, '3', 1),
	(214, 43, '4', 0),
	(215, 43, '5', 0),
	(216, 44, '-226', 1),
	(217, 44, '-144', 0),
	(218, 44, '-20', 0),
	(219, 44, '20', 0),
	(220, 44, '144', 0),
	(221, 45, '1500', 0),
	(222, 45, '1560', 0),
	(223, 45, '2320', 1),
	(224, 45, '2480', 0),
	(225, 45, '2500', 0),
	(226, 46, '0', 0),
	(227, 46, '\\sqrt{2}-1', 0),
	(228, 46, '\\sqrt{3}-1', 1),
	(229, 46, '1', 0),
	(230, 46, '2', 0),
	(231, 47, '\\sqrt{15}', 0),
	(232, 47, '\\sqrt{21}', 0),
	(233, 47, '2\\sqrt{6}', 1),
	(234, 47, '5', 0),
	(235, 47, '2\\sqrt{7}', 0),
	(236, 48, '60^{\\circ}', 0),
	(237, 48, '72^{\\circ}', 0),
	(238, 48, '75^{\\circ}', 0),
	(239, 48, '80^{\\circ}', 1),
	(240, 48, '90^{\\circ}', 0),
	(241, 49, '9', 0),
	(242, 49, '11', 0),
	(243, 49, '13', 0),
	(244, 49, '14', 0),
	(245, 49, '15', 1),
	(246, 50, '10', 0),
	(247, 50, '15', 0),
	(248, 50, '20', 0),
	(249, 50, '25', 1),
	(250, 50, '30', 0),
	(251, 51, '120', 0),
	(252, 51, '160', 0),
	(253, 51, '200', 0),
	(254, 51, '240', 1),
	(255, 51, '280', 0),
	(256, 52, '\\frac{2}{5}', 0),
	(257, 52, '\\frac{3}{7}', 0),
	(258, 52, '\\frac{4}{7}', 1),
	(259, 52, '\\frac{3}{5}', 0),
	(260, 52, '\\frac{4}{5}', 0),
	(261, 53, '8', 0),
	(262, 53, '16', 0),
	(263, 53, '25', 0),
	(264, 53, '64', 1),
	(265, 53, '96', 0),
	(266, 54, '4', 0),
	(267, 54, '5', 0),
	(268, 54, '6', 0),
	(269, 54, '7', 1),
	(270, 54, '8', 0),
	(271, 55, '5', 0),
	(272, 55, '6', 0),
	(273, 55, '8', 1),
	(274, 55, '10', 0),
	(275, 55, '12', 0),
	(276, 56, '\\frac{31}{16}', 0),
	(277, 56, '2', 0),
	(278, 56, '\\frac{17}{8}', 1),
	(279, 56, '3', 0),
	(280, 56, '\\frac{65}{16}', 0),
	(281, 57, '\\text{Friday}', 1),
	(282, 57, '\\text{Saturday}', 0),
	(283, 57, '\\text{Sunday}', 0),
	(284, 57, '\\text{Monday}', 0),
	(285, 57, '\\text{Tuesday}', 0),
	(286, 58, '\\frac{3}{10}', 0),
	(287, 58, '\\frac{1}{3}', 0),
	(288, 58, '\\frac{9}{20}', 0),
	(289, 58, '\\frac{2}{3}', 1),
	(290, 58, '\\frac{9}{10}', 0),
	(291, 59, '\\frac{5}{72}', 0),
	(292, 59, '\\frac{5}{36}', 1),
	(293, 59, '\\frac{1}{6}', 0),
	(294, 59, '\\frac{1}{3}', 0),
	(295, 59, '1', 0),
	(296, 60, '\\frac{\\sqrt{10}+5}{10}', 0),
	(297, 60, '\\frac{2\\sqrt{5}}{5}', 0),
	(298, 60, '\\frac{2\\sqrt{2}}{3}', 0),
	(299, 60, '\\frac{2\\sqrt{19}-4}{5}', 1),
	(300, 60, '\\frac{9-\\sqrt{17}}{5}', 0),
	(301, 61, '30', 0),
	(302, 61, '36', 0),
	(303, 61, '42', 0),
	(304, 61, '48', 1),
	(305, 61, '60', 0),
	(306, 62, '\\frac{49}{512}', 1),
	(307, 62, '\\frac{7}{64}', 0),
	(308, 62, '\\frac{121}{1024}', 0),
	(309, 62, '\\frac{81}{512}', 0),
	(310, 62, '\\frac{9}{32}', 0),
	(311, 63, '5', 0),
	(312, 63, '\\sqrt{26}', 0),
	(313, 63, '3\\sqrt{3}', 0),
	(314, 63, '2\\sqrt{7}', 0),
	(315, 63, '\\sqrt{30}', 1),
	(316, 64, '10', 0),
	(317, 64, '13', 1),
	(318, 64, '15', 0),
	(319, 64, '16', 0),
	(320, 64, '18', 0),
	(321, 65, '15', 1),
	(322, 65, '5+\\sqrt{26}+3\\sqrt{3}', 0),
	(323, 65, '3\\sqrt{26}', 0),
	(324, 65, '\\frac{2}{3}\\sqrt{546}', 0),
	(325, 65, '9\\sqrt{3}', 0),
	(326, 66, '5', 0),
	(327, 66, '6', 1),
	(328, 66, '7', 0),
	(329, 66, '10', 0),
	(330, 66, '', 0),
	(331, 67, '249', 0),
	(332, 67, '250', 0),
	(333, 67, '251', 0),
	(334, 67, '252', 0),
	(335, 67, '253', 1),
	(336, 68, '8', 0),
	(337, 68, '12', 0),
	(338, 68, '20', 1),
	(339, 68, '23', 0),
	(340, 68, '24', 0),
	(341, 69, '\\frac{1}{8}', 0),
	(342, 69, '\\frac{7}{50}', 0),
	(343, 69, '\\frac{4}{25}', 1),
	(344, 69, '\\frac{1}{4}', 0),
	(345, 69, '\\frac{8}{25}', 0),
	(346, 70, '671', 0),
	(347, 70, '1006', 0),
	(348, 70, '1341', 1),
	(349, 70, '2011', 0),
	(350, 70, '2012', 0),
	(351, 71, '30', 0),
	(352, 71, '31', 0),
	(353, 71, '32', 1),
	(354, 71, '62', 0),
	(355, 71, '64', 0),
	(356, 72, '15', 0),
	(357, 72, '30', 0),
	(358, 72, '40', 0),
	(359, 72, '60', 0),
	(360, 72, '70', 1),
	(361, 73, '-1', 0),
	(362, 73, '1', 0),
	(363, 73, '\\frac{5}{3}', 1),
	(364, 73, '2013', 0),
	(365, 73, '2^{4024}', 0),
	(366, 74, '15', 0),
	(367, 74, '20', 1),
	(368, 74, '25', 0),
	(369, 74, '30', 0),
	(370, 74, '35', 0),
	(371, 75, '12', 0),
	(372, 75, '18', 1),
	(373, 75, '24', 0),
	(374, 75, '30', 0),
	(375, 75, '36', 0),
	(376, 76, '4', 0),
	(377, 76, '6', 0),
	(378, 76, '10', 1),
	(379, 76, '12', 0),
	(380, 76, '16\\qquad', 0),
	(381, 77, '\\frac{1}{4}', 0),
	(382, 77, '\\frac{1}{2}', 0),
	(383, 77, '1', 0),
	(384, 77, '2', 1),
	(385, 77, '4\\qquad', 0),
	(386, 78, '11', 0),
	(387, 78, '44', 0),
	(388, 78, '110', 0),
	(389, 78, '143', 1),
	(390, 78, '155\\qquad', 0),
	(391, 79, '36', 1),
	(392, 79, '38', 0),
	(393, 79, '40', 0),
	(394, 79, '42', 0),
	(395, 79, '44', 0),
	(396, 80, '54', 0),
	(397, 80, '58', 1),
	(398, 80, '62', 0),
	(399, 80, '70', 0),
	(400, 80, '75', 0),
	(401, 81, '125\\sqrt{3}', 0),
	(402, 81, '270', 1),
	(403, 81, '162\\sqrt{5}', 0),
	(404, 81, '434', 0),
	(405, 81, '225\\sqrt{6}', 0),
	(406, 82, '96', 0),
	(407, 82, '108', 0),
	(408, 82, '156', 0),
	(409, 82, '204', 1),
	(410, 82, '372', 0),
	(411, 83, '55', 0),
	(412, 83, '56', 0),
	(413, 83, '57', 0),
	(414, 83, '58', 0),
	(415, 83, '59', 1),
	(416, 84, '720', 0),
	(417, 84, '1296', 0),
	(418, 84, '1728', 0),
	(419, 84, '1925', 1),
	(420, 84, '3850', 0),
	(421, 85, '\\sqrt{2}', 0),
	(422, 85, '\\frac{3}{2}', 1),
	(423, 85, '\\frac{5}{3}', 0),
	(424, 85, '\\sqrt{3}', 0),
	(425, 85, '2', 0),
	(426, 86, '11', 0),
	(427, 86, '28', 0),
	(428, 86, '33', 0),
	(429, 86, '61', 1),
	(430, 86, '72', 0),
	(431, 87, '810', 0),
	(432, 87, '855', 1),
	(433, 87, '900', 0),
	(434, 87, '950', 0),
	(435, 87, '988', 0),
	(436, 88, '\\frac{8}{25}', 0),
	(437, 88, '\\frac{33}{100}', 0),
	(438, 88, '\\frac{7}{20}', 0),
	(439, 88, '\\frac{9}{25}', 0),
	(440, 88, '\\frac{11}{30}', 1),
	(441, 89, '15', 0),
	(442, 89, '17', 0),
	(443, 89, '19', 1),
	(444, 89, '21', 0),
	(445, 89, '23', 0),
	(446, 90, '\\frac{553}{715}', 0),
	(447, 90, '\\frac{443}{572}', 0),
	(448, 90, '\\frac{111}{143}', 0),
	(449, 90, '\\frac{81}{104}', 0),
	(450, 90, '\\frac{223}{286}', 1),
	(451, 91, '399', 1),
	(452, 91, '401', 0),
	(453, 91, '413', 0),
	(454, 91, '431', 0),
	(455, 91, '441', 0),
	(456, 92, '3', 0),
	(457, 92, '8', 0),
	(458, 92, '\\frac{25}{2}', 1),
	(459, 92, '\\frac{170}{3}', 0),
	(460, 92, '170', 0),
	(461, 93, '35', 0),
	(462, 93, '38.50', 1),
	(463, 93, '40', 0),
	(464, 93, '42', 0),
	(465, 93, '42.50', 0),
	(466, 94, '2', 0),
	(467, 94, '3', 1),
	(468, 94, '4', 0),
	(469, 94, '5', 0),
	(470, 94, '6', 0),
	(471, 95, '\\frac{bde}{ac}', 1),
	(472, 95, '\\frac{ac}{bde}', 0),
	(473, 95, '\\frac{abde}{c}', 0),
	(474, 95, '\\frac{bcde}{a}', 0),
	(475, 95, '\\frac{abc}{de}', 0),
	(476, 96, '1', 0),
	(477, 96, '2', 0),
	(478, 96, '3', 1),
	(479, 96, '4', 0),
	(480, 96, '5', 0),
	(481, 97, '44', 0),
	(482, 97, '55', 0),
	(483, 97, '77', 0),
	(484, 97, '99', 1),
	(485, 97, '110', 0),
	(486, 98, '1', 1),
	(487, 98, '\\sqrt[7]3', 0),
	(488, 98, '\\sqrt[8]3', 0),
	(489, 98, '\\sqrt[9]3', 0),
	(490, 98, '\\sqrt[10]3\\qquad', 0),
	(491, 99, '\\textdollar179.95', 0),
	(492, 99, '\\textdollar199.95', 0),
	(493, 99, '\\textdollar219.95', 1),
	(494, 99, '\\textdollar239.95', 0),
	(495, 99, '\\textdollar259.95\\qquad', 0),
	(496, 100, 'a+3', 0),
	(497, 100, 'a+4', 1),
	(498, 100, 'a+5', 0),
	(499, 100, 'a+6', 0),
	(500, 100, 'a+7', 0),
	(501, 101, '\\dfrac{\\sqrt3}4', 0),
	(502, 101, '\\dfrac{\\sqrt3}3', 1),
	(503, 101, '\\dfrac23', 0),
	(504, 101, '\\dfrac{\\sqrt2}2', 0),
	(505, 101, '\\dfrac{\\sqrt3}2', 0),
	(506, 102, '140', 0),
	(507, 102, '175', 0),
	(508, 102, '210', 1),
	(509, 102, '245', 0),
	(510, 102, '280\\qquad', 0),
	(511, 103, '2', 0),
	(512, 103, '1+\\sqrt3', 0),
	(513, 103, '3', 0),
	(514, 103, '2+\\sqrt3', 1),
	(515, 103, '4\\qquad', 0),
	(516, 104, '2100', 0),
	(517, 104, '2220', 1),
	(518, 104, '3000', 0),
	(519, 104, '3120', 0),
	(520, 104, '3125\\qquad', 0),
	(521, 105, '-2', 0),
	(522, 105, '1', 0),
	(523, 105, '2', 1),
	(524, 105, '4', 0),
	(525, 105, '6\\qquad', 0),
	(526, 106, '9', 0),
	(527, 106, '18', 1),
	(528, 106, '27', 0),
	(529, 106, '36', 0),
	(530, 106, '45\\qquad', 0),
	(531, 107, '901', 0),
	(532, 107, '911', 0),
	(533, 107, '919', 0),
	(534, 107, '991', 1),
	(535, 107, '999', 0),
	(536, 108, '19', 0),
	(537, 108, '31', 0),
	(538, 108, '271', 1),
	(539, 108, '319', 0),
	(540, 108, '511\\qquad', 0),
	(541, 109, '6', 0),
	(542, 109, '12', 0),
	(543, 109, '24', 0),
	(544, 109, '48', 0),
	(545, 109, '78\\qquad', 1),
	(546, 110, '6\\sqrt3+3', 0),
	(547, 110, '\\dfrac{27}2', 0),
	(548, 110, '8\\sqrt3', 0),
	(549, 110, '14', 1),
	(550, 110, '3\\sqrt3+9\\qquad', 0),
	(551, 111, '1', 1),
	(552, 111, '\\dfrac{\\log2015}{\\log2014}', 0),
	(553, 111, '\\dfrac{\\log2014}{\\log2013}', 0),
	(554, 111, '\\dfrac{2014}{2013}', 0),
	(555, 111, '2014^{\\frac1{2014}}\\qquad', 0),
	(556, 112, '278', 0),
	(557, 112, '279', 1),
	(558, 112, '280', 0),
	(559, 112, '281', 0),
	(560, 112, '282\\qquad', 0),
	(561, 113, '874', 0),
	(562, 113, '883', 1),
	(563, 113, '887', 0),
	(564, 113, '891', 0),
	(565, 113, '892\\qquad', 0),
	(566, 114, '299', 0),
	(567, 114, '300', 0),
	(568, 114, '301', 1),
	(569, 114, '302', 0),
	(570, 114, '303\\qquad', 0),
	(571, 115, '38', 0),
	(572, 115, '40', 1),
	(573, 115, '42', 0),
	(574, 115, '44', 0),
	(575, 115, '46\\qquad', 0),
	(576, 116, '-125', 0),
	(577, 116, '-120', 0),
	(578, 116, '\\frac{1}{5}', 1),
	(579, 116, '\\frac{5}{24}', 0),
	(580, 116, '25', 0),
	(581, 117, '52', 0),
	(582, 117, '57', 0),
	(583, 117, '62', 0),
	(584, 117, '67', 0),
	(585, 117, '72', 1),
	(586, 118, '81', 0),
	(587, 118, '85', 0),
	(588, 118, '91', 0),
	(589, 118, '94', 0),
	(590, 118, '95', 1),
	(591, 119, '\\frac{5}{4}', 0),
	(592, 119, '\\frac{3}{2}', 1),
	(593, 119, '\\frac{9}{5}', 0),
	(594, 119, '2', 0),
	(595, 119, '\\frac{5}{2}', 0),
	(596, 120, '\\text{Sheroundsallthreenumbersup.}\\', 0),
	(597, 120, '\\text{Sherounds}a\\text{and}b\\text{up,andsherounds}c\\text{down.}\\', 0),
	(598, 120, '\\text{Sherounds}a\\text{and}c\\text{up,andsherounds}b\\text{down.}\\', 0),
	(599, 120, '\\text{Sherounds}a\\text{up,andsherounds}b\\text{and}c\\text{down.}\\', 1),
	(600, 120, '\\text{Sherounds}c\\text{up,andsherounds}a\\text{and}b\\text{down.}', 0),
	(601, 121, '2', 0),
	(602, 121, '4', 1),
	(603, 121, '5', 0),
	(604, 121, '6', 0),
	(605, 121, '8', 0),
	(606, 122, '\\frac{2}{7}', 0),
	(607, 122, '\\frac{3}{7}', 0),
	(608, 122, '\\frac{12}{25}', 1),
	(609, 122, '\\frac{16}{25}', 0),
	(610, 122, '\\frac{3}{4}', 0),
	(611, 123, '\\frac{1}{10}', 0),
	(612, 123, '\\frac{1}{6}', 0),
	(613, 123, '\\frac{1}{5}', 1),
	(614, 123, '\\frac{1}{3}', 0),
	(615, 123, '\\frac{1}{2}', 0),
	(616, 124, '8', 0),
	(617, 124, '10', 0),
	(618, 124, '15', 0),
	(619, 124, '18', 0),
	(620, 124, '26', 1),
	(621, 125, '2', 0),
	(622, 125, '3', 0),
	(623, 125, '4', 0),
	(624, 125, '5', 1),
	(625, 125, '6', 0),
	(626, 126, '1', 0),
	(627, 126, '1.5', 1),
	(628, 126, '2', 0),
	(629, 126, '2.5', 0),
	(630, 126, '3', 0),
	(631, 127, '\\text{Theremustbeanevennumberofoddscores.}\\', 0),
	(632, 127, '\\text{Theremustbeanevennumberofevenscores.}\\', 0),
	(633, 127, '\\text{Therecannotbetwoscoresof}0\\text{.}\\', 0),
	(634, 127, '\\text{Thesumofthescoresmustbeatleast}100\\text{.}\\', 0),
	(635, 127, '\\text{Thehighestscoremustbeatleast}12\\text{.}', 1),
	(636, 128, '9', 0),
	(637, 128, '12', 0),
	(638, 128, '18', 0),
	(639, 128, '24', 1),
	(640, 128, '36', 0),
	(641, 129, '4', 0),
	(642, 129, '22', 0),
	(643, 129, '26', 1),
	(644, 129, '30', 0),
	(645, 129, '104', 0),
	(646, 130, '3\\sqrt2', 0),
	(647, 130, '2\\sqrt5', 0),
	(648, 130, '\\dfrac{24}5', 1),
	(649, 130, '3\\sqrt3', 0),
	(650, 130, '\\dfrac{24}5\\sqrt2', 0),
	(651, 131, '\\dfrac{47}{256}', 1),
	(652, 131, '\\dfrac{3}{16}', 0),
	(653, 131, '\\dfrac{49}{256}', 0),
	(654, 131, '\\dfrac{25}{128}', 0),
	(655, 131, '\\dfrac{51}{256}', 0),
	(656, 132, '7', 0),
	(657, 132, '8', 0),
	(658, 132, '16', 1),
	(659, 132, '17', 0),
	(660, 132, '18', 0),
	(661, 133, '30', 0),
	(662, 133, '31', 1),
	(663, 133, '61', 0),
	(664, 133, '62', 0),
	(665, 133, '63', 0),
	(666, 134, '3', 1),
	(667, 134, '4', 0),
	(668, 134, '5', 0),
	(669, 134, '6', 0),
	(670, 134, '8', 0),
	(671, 135, '5\\sqrt{2}+4', 0),
	(672, 135, '\\sqrt{17}+7', 0),
	(673, 135, '6\\sqrt{2}+3', 0),
	(674, 135, '\\sqrt{15}+8', 1),
	(675, 135, '12', 0),
	(676, 136, '0', 0),
	(677, 136, '4', 0),
	(678, 136, '6', 0),
	(679, 136, '8', 1),
	(680, 136, '10', 0),
	(681, 137, '59', 1),
	(682, 137, '60', 0),
	(683, 137, '61', 0),
	(684, 137, '62', 0),
	(685, 137, '63', 0),
	(686, 138, '\\frac{3}{50}', 0),
	(687, 138, '\\frac{4}{25}', 0),
	(688, 138, '\\frac{41}{200}', 0),
	(689, 138, '\\frac{6}{25}', 1),
	(690, 138, '\\frac{13}{50}', 0),
	(691, 139, '99', 0),
	(692, 139, '100', 1),
	(693, 139, '110', 0),
	(694, 139, '121', 0),
	(695, 139, '132', 0),
	(696, 140, '1', 0),
	(697, 140, '2', 0),
	(698, 140, '3', 1),
	(699, 140, '4', 0),
	(700, 140, '5', 0),
	(701, 141, '-\\frac{3}{8}', 0),
	(702, 141, '-\\frac{1}{40}', 1),
	(703, 141, '0', 0),
	(704, 141, '\\frac{3}{8}', 0),
	(705, 141, '\\frac{31}{40}', 0),
	(706, 142, '50', 0),
	(707, 142, '60', 0),
	(708, 142, '75', 0),
	(709, 142, '90', 1),
	(710, 142, '100', 0),
	(711, 143, '\\text{anoddintegergreaterthan}2\\text{thatcanbewrittenasthesumoftwoprimenumbers}\\', 0),
	(712, 143, '\\text{anoddintegergreaterthan}2\\text{thatcannotbewrittenasthesumoftwoprimenumbers}\\', 0),
	(713, 143, '\\text{anevenintegergreaterthan}2\\text{thatcanbewrittenasthesumoftwonumbersthatarenotprime}\\', 0),
	(714, 143, '\\text{anevenintegergreaterthan}2\\text{thatcanbewrittenasthesumoftwoprimenumbers}\\', 0),
	(715, 143, '\\text{anevenintegergreaterthan}2\\text{thatcannotbewrittenasthesumoftwoprimenumbers}', 1),
	(716, 144, '6', 0),
	(717, 144, '7', 0),
	(718, 144, '8', 0),
	(719, 144, '9', 1),
	(720, 144, '10', 0),
	(721, 145, '1', 0),
	(722, 145, '2', 1),
	(723, 145, '3', 0),
	(724, 145, '4', 0),
	(725, 145, '5', 0),
	(726, 146, '16', 0),
	(727, 146, '25', 0),
	(728, 146, '36', 0),
	(729, 146, '49', 0),
	(730, 146, '64', 1),
	(731, 147, '12', 1),
	(732, 147, '14', 0),
	(733, 147, '16', 0),
	(734, 147, '18', 0),
	(735, 147, '20', 0),
	(736, 148, '1', 0),
	(737, 148, '3', 0),
	(738, 148, '6', 1),
	(739, 148, '12', 0),
	(740, 148, '24', 0),
	(741, 149, '0', 0),
	(742, 149, '\\sqrt{\\frac{2}{3}}', 0),
	(743, 149, '1', 0),
	(744, 149, '\\sqrt{6}-\\sqrt{2}', 1),
	(745, 149, '\\sqrt{\\frac{3}{2}}', 0),
	(746, 150, '2', 0),
	(747, 150, '3', 0),
	(748, 150, '4', 0),
	(749, 150, '5', 1),
	(750, 150, '6', 0),
	(751, 151, '1', 0),
	(752, 151, '\\frac{2+\\sqrt{3}}{3}', 1),
	(753, 151, '\\sqrt{2}', 0),
	(754, 151, '\\frac{\\sqrt{2}+\\sqrt{3}}{2}', 0),
	(755, 151, '\\sqrt{3}', 0),
	(756, 152, '110', 0),
	(757, 152, '191', 0),
	(758, 152, '261', 0),
	(759, 152, '325', 1),
	(760, 152, '425', 0),
	(761, 153, '69', 0),
	(762, 153, '151', 1),
	(763, 153, '257', 0),
	(764, 153, '293', 0),
	(765, 153, '313', 0),
	(766, 154, '109', 1),
	(767, 154, '201', 0),
	(768, 154, '301', 0),
	(769, 154, '3049', 0),
	(770, 154, '33,601', 0),
	(771, 155, '200', 0),
	(772, 155, '200\\sqrt{2}', 0),
	(773, 155, '200\\sqrt{3}', 0),
	(774, 155, '300\\sqrt{2}', 0),
	(775, 155, '500', 1),
	(776, 156, '15', 1),
	(777, 156, '16', 0),
	(778, 156, '24', 0),
	(779, 156, '27', 0),
	(780, 156, '64', 0),
	(781, 157, '\\frac16', 0),
	(782, 157, '\\frac13', 0),
	(783, 157, '\\frac12', 1),
	(784, 157, '\\frac23', 0),
	(785, 157, '\\frac56', 0),
	(786, 158, '8', 0),
	(787, 158, '9', 1),
	(788, 158, '10', 0),
	(789, 158, '11', 0),
	(790, 158, '12', 0),
	(791, 159, '7986', 0),
	(792, 159, '8002', 0),
	(793, 159, '8030', 0),
	(794, 159, '8048', 0),
	(795, 159, '8064', 1),
	(796, 160, '8', 0),
	(797, 160, '11', 0),
	(798, 160, '12', 0),
	(799, 160, '13', 1),
	(800, 160, '15', 0),
	(801, 161, '1', 0),
	(802, 161, '2', 0),
	(803, 161, '4', 1),
	(804, 161, '8', 0),
	(805, 161, '12', 0),
	(806, 162, '\\text{IfLewisdidnotreceiveanA,thenhegotallofthemultiplechoicequestionswrong.}\\', 0),
	(807, 162, '\\text{IfLewisdidnotreceiveanA,thenhegotatleastoneofthemultiplechoicequestionswrong.}\\', 1),
	(808, 162, '\\text{IfLewisgotatleastoneofthemultiplechoicequestionswrong,thenhedidnotreceiveanA.}\\', 0),
	(809, 162, '\\text{IfLewisreceivedanA,thenhegotallofthemultiplechoicequestionsright.}\\', 0),
	(810, 162, '\\text{IfLewisreceivedanA,thenhegotatleastoneofthemultiplechoicequestionsright.}', 0),
	(811, 163, '30\\%', 1),
	(812, 163, '40\\%', 0),
	(813, 163, '50\\%', 0),
	(814, 163, '60\\%', 0),
	(815, 163, '70\\%', 0),
	(816, 164, '240', 0),
	(817, 164, '245', 1),
	(818, 164, '290', 0),
	(819, 164, '480', 0),
	(820, 164, '490', 0),
	(821, 165, '16', 0),
	(822, 165, '17', 1),
	(823, 165, '18', 0),
	(824, 165, '19', 0),
	(825, 165, '20', 0),
	(826, 166, '2017', 0),
	(827, 166, '2018', 1),
	(828, 166, '4034', 0),
	(829, 166, '4035', 0),
	(830, 166, '4036', 0),
	(831, 167, '6', 0),
	(832, 167, '12', 0),
	(833, 167, '18', 0),
	(834, 167, '20', 1),
	(835, 167, '24', 0),
	(836, 168, '\\text{asinglepoint}', 0),
	(837, 168, '\\text{twointersectinglines}\\', 0),
	(838, 168, '\\text{threelineswhosepairwiseintersectionsarethreedistinctpoints}\\', 0),
	(839, 168, '\\text{atriangle}', 0),
	(840, 168, '\\text{threerayswithacommonpoint}', 1),
	(841, 169, '\\dfrac{1}{2}', 0),
	(842, 169, '\\dfrac{2}{3}', 0),
	(843, 169, '\\dfrac{3}{4}', 1),
	(844, 169, '\\dfrac{5}{6}', 0),
	(845, 169, '\\dfrac{7}{8}', 0),
	(846, 170, '37', 0),
	(847, 170, '63', 0),
	(848, 170, '117', 0),
	(849, 170, '143', 1),
	(850, 170, '163', 0),
	(851, 171, '2', 0),
	(852, 171, '3', 1),
	(853, 171, '4', 0),
	(854, 171, '5', 0),
	(855, 171, '6', 0),
	(856, 172, '132', 0),
	(857, 172, '135', 1),
	(858, 172, '138', 0),
	(859, 172, '141', 0),
	(860, 172, '144', 0),
	(861, 173, '12', 0),
	(862, 173, '16', 0),
	(863, 173, '28', 1),
	(864, 173, '32', 0),
	(865, 173, '40', 0),
	(866, 174, '(0,1)', 0),
	(867, 174, '(1,2)', 0),
	(868, 174, '(2,3)', 0),
	(869, 174, '(3,4)', 1),
	(870, 174, '(4,5)', 0),
	(871, 175, '0', 0),
	(872, 175, '4', 0),
	(873, 175, '6', 0),
	(874, 175, '12', 1),
	(875, 175, '24', 0),
	(876, 176, '1', 0),
	(877, 176, '3', 0),
	(878, 176, '12', 0),
	(879, 176, '1239', 1),
	(880, 176, '1265', 0),
	(881, 177, '\\frac{12}{13}', 0),
	(882, 177, '\\frac{35}{37}', 0),
	(883, 177, '1', 0),
	(884, 177, '\\frac{37}{35}', 1),
	(885, 177, '\\frac{13}{12}', 0),
	(886, 178, '198', 0),
	(887, 178, '199', 0),
	(888, 178, '398', 0),
	(889, 178, '399', 0),
	(890, 178, '597', 1),
	(891, 179, '4', 0),
	(892, 179, '5', 0),
	(893, 179, '7', 0),
	(894, 179, '9', 1),
	(895, 179, '11', 0),
	(896, 180, '4', 0),
	(897, 180, '5', 0),
	(898, 180, '7', 0),
	(899, 180, '15', 0),
	(900, 180, '39', 1),
	(901, 181, '-9009', 0),
	(902, 181, '-8008', 0),
	(903, 181, '-7007', 1),
	(904, 181, '-6006', 0),
	(905, 181, '-5005', 0),
	(906, 182, '17', 1),
	(907, 182, '\\frac{59-5\\sqrt{2}}{3}', 0),
	(908, 182, '\\frac{91-12\\sqrt{3}}{4}', 0),
	(909, 182, '\\frac{67-10\\sqrt{2}}{3}', 0),
	(910, 182, '18', 0),
	(911, 183, '\\dfrac{5\\cdot11}{3^{10}}', 0),
	(912, 183, '\\dfrac{5^2\\cdot11}{2\\cdot3^{10}}', 0),
	(913, 183, '\\dfrac{5\\cdot11}{3^{9}}', 0),
	(914, 183, '\\dfrac{5\\cdot7\\cdot11}{2\\cdot3^{10}}', 0),
	(915, 183, '\\dfrac{2^2\\cdot5\\cdot11}{3^{10}}', 1),
	(916, 184, '28', 0),
	(917, 184, '32', 0),
	(918, 184, '36', 0),
	(919, 184, '50', 1),
	(920, 184, '64', 0),
	(921, 185, '48', 0),
	(922, 185, '49', 0),
	(923, 185, '50', 1),
	(924, 185, '51', 0),
	(925, 185, '52', 0),
	(926, 186, '3', 0),
	(927, 186, '6', 0),
	(928, 186, '12', 0),
	(929, 186, '18', 0),
	(930, 186, '24', 1),
	(931, 187, '(0,4)', 0),
	(932, 187, '(4,5)', 0),
	(933, 187, '(4,6)', 0),
	(934, 187, '(5,6)', 1),
	(935, 187, '(5,\\infty)', 0),
	(936, 188, '3', 0),
	(937, 188, '4', 0),
	(938, 188, '5', 0),
	(939, 188, '6', 0),
	(940, 188, '10', 1),
	(941, 189, '20', 0),
	(942, 189, '21', 1),
	(943, 189, '22', 0),
	(944, 189, '23', 0),
	(945, 189, '24', 0),
	(946, 190, '3', 0),
	(947, 190, '4', 0),
	(948, 190, '6', 0),
	(949, 190, '8', 0),
	(950, 190, '9\\qquad', 1),
	(951, 191, 'y=0', 0),
	(952, 191, '0\\leqy\\leq\\frac{\\pi}{4}', 0),
	(953, 191, '0\\leqy\\leq\\frac{\\pi}{2}', 0),
	(954, 191, '0\\leqy\\leq\\frac{3\\pi}{4}', 0),
	(955, 191, '', 1),
	(956, 192, '1', 0),
	(957, 192, '2', 0),
	(958, 192, '3', 1),
	(959, 192, '4', 0),
	(960, 192, '8', 0),
	(961, 193, '2', 0),
	(962, 193, '3', 0),
	(963, 193, '4', 1),
	(964, 193, '5', 0),
	(965, 193, '7', 0),
	(966, 194, '512', 0),
	(967, 194, '729', 0),
	(968, 194, '1094', 0),
	(969, 194, '3281', 1),
	(970, 194, '59,048', 0),
	(971, 195, '5', 0),
	(972, 195, '13', 0),
	(973, 195, '17', 0),
	(974, 195, '31', 1),
	(975, 195, '35', 0),
	(976, 196, '\\text{510}', 0),
	(977, 196, '\\text{1022}', 1),
	(978, 196, '\\text{8190}', 0),
	(979, 196, '\\text{8192}', 0),
	(980, 196, '\\text{65,534}', 0),
	(981, 197, 'a=\\frac14', 0),
	(982, 197, '\\frac14<a<\\frac12', 0),
	(983, 197, 'a>\\frac14', 0),
	(984, 197, 'a=\\frac12', 0),
	(985, 197, 'a>\\frac12\\qquad', 1),
	(986, 198, '60', 0),
	(987, 198, '65', 0),
	(988, 198, '70', 0),
	(989, 198, '75', 1),
	(990, 198, '80\\qquad', 0),
	(991, 199, '16', 0),
	(992, 199, '17', 0),
	(993, 199, '19', 1),
	(994, 199, '23', 0),
	(995, 199, '36', 0),
	(996, 200, '9', 0),
	(997, 200, '10', 0),
	(998, 200, '11', 0),
	(999, 200, '12', 1),
	(1000, 200, '13\\qquad', 0),
	(1001, 201, 'x^{19}+2018x^{11}+1', 0),
	(1002, 201, 'x^{17}+2018x^{11}+1', 1),
	(1003, 201, 'x^{19}+2018x^{13}+1', 0),
	(1004, 201, 'x^{17}+2018x^{13}+1', 0),
	(1005, 201, '2019x+2018', 0),
	(1006, 202, '20', 1),
	(1007, 202, '21', 0),
	(1008, 202, '22', 0),
	(1009, 202, '23', 0),
	(1010, 202, '24', 0),
	(1011, 203, '76', 0),
	(1012, 203, '77', 0),
	(1013, 203, '78', 0),
	(1014, 203, '79', 0),
	(1015, 203, '80', 1),
	(1016, 204, '\\frac{1}{2}', 0),
	(1017, 204, '\\frac{13}{24}', 1),
	(1018, 204, '\\frac{7}{12}', 0),
	(1019, 204, '\\frac{5}{8}', 0),
	(1020, 204, '\\frac{2}{3}\\qquad', 0),
	(1021, 205, '12', 0),
	(1022, 205, '14', 0),
	(1023, 205, '16', 0),
	(1024, 205, '18', 1),
	(1025, 205, '20', 0),
	(1026, 206, '25', 0),
	(1027, 206, '33', 0),
	(1028, 206, '44', 0),
	(1029, 206, '66', 0),
	(1030, 206, '78', 1),
	(1031, 207, '50', 0),
	(1032, 207, '66+\\frac{2}{3}', 0),
	(1033, 207, '150', 0),
	(1034, 207, '200', 1),
	(1035, 207, '450', 0),
	(1036, 208, '75', 0),
	(1037, 208, '76', 1),
	(1038, 208, '79', 0),
	(1039, 208, '84', 0),
	(1040, 208, '91', 0),
	(1041, 209, '9', 0),
	(1042, 209, '25', 0),
	(1043, 209, '45', 0),
	(1044, 209, '90', 1),
	(1045, 209, '120', 0),
	(1046, 210, '4', 0),
	(1047, 210, '4\\sqrt{2}', 0),
	(1048, 210, '6', 1),
	(1049, 210, '8', 0),
	(1050, 210, '6\\sqrt{2}', 0),
	(1051, 211, '\\mu<d<M', 0),
	(1052, 211, 'M<d<\\mu', 0),
	(1053, 211, 'd=M=\\mu', 0),
	(1054, 211, 'd<M<\\mu', 0),
	(1055, 211, 'd<\\mu<M', 1),
	(1056, 212, '14', 0),
	(1057, 212, '16', 0),
	(1058, 212, '18', 0),
	(1059, 212, '19', 1),
	(1060, 212, '21', 0),
	(1061, 213, '2020', 0),
	(1062, 213, '4039', 0),
	(1063, 213, '6057', 0),
	(1064, 213, '6061', 0),
	(1065, 213, '8078', 1),
	(1066, 214, '13', 0),
	(1067, 214, '14', 0),
	(1068, 214, '15', 0),
	(1069, 214, '16', 1),
	(1070, 214, '17', 0),
	(1071, 215, '\\frac{25}{2}', 0),
	(1072, 215, '20', 1),
	(1073, 215, '\\frac{45}{2}', 0),
	(1074, 215, '25', 0),
	(1075, 215, '32', 0),
	(1076, 216, '144', 0),
	(1077, 216, '216', 0),
	(1078, 216, '256', 0),
	(1079, 216, '384', 0),
	(1080, 216, '432', 1),
	(1081, 217, '2', 0),
	(1082, 217, '\\sqrt{6}', 0),
	(1083, 217, '2\\sqrt{2}', 0),
	(1084, 217, '3', 0),
	(1085, 217, '\\sqrt{10}', 1),
	(1086, 218, '10^{52}', 0),
	(1087, 218, '10^{100}', 0),
	(1088, 218, '10^{144}', 0),
	(1089, 218, '10^{164}', 1),
	(1090, 218, '10^{200}', 0),
	(1091, 219, '\\frac{1}{21}', 0),
	(1092, 219, '\\frac{1}{14}', 1),
	(1093, 219, '\\frac{5}{63}', 0),
	(1094, 219, '\\frac{2}{21}', 0),
	(1095, 219, '\\frac{1}{7}', 0),
	(1096, 220, '\\;-6', 0),
	(1097, 220, '\\;0', 0),
	(1098, 220, '\\;6', 0),
	(1099, 220, '\\;10', 1),
	(1100, 220, '\\;26', 0),
	(1101, 221, '2\\sqrt{3}', 0),
	(1102, 221, '4', 0),
	(1103, 221, '3\\sqrt{2}', 0),
	(1104, 221, '2\\sqrt{5}', 1),
	(1105, 221, '5\\qquad', 0),
	(1106, 222, '9', 1),
	(1107, 222, '12', 0),
	(1108, 222, '23', 0),
	(1109, 222, '27', 0),
	(1110, 222, '44', 0),
	(1111, 223, '\\frac{1}{3}', 0),
	(1112, 223, '\\frac{7}{16}', 1),
	(1113, 223, '\\frac{1}{2}', 0),
	(1114, 223, '\\frac{9}{16}', 0),
	(1115, 223, '\\frac{2}{3}', 0),
	(1116, 224, '18', 0),
	(1117, 224, '72-36\\sqrt2', 0),
	(1118, 224, '36', 1),
	(1119, 224, '72', 0),
	(1120, 224, '72+36\\sqrt2', 0),
	(1121, 225, '42', 0),
	(1122, 225, '86', 0),
	(1123, 225, '92', 0),
	(1124, 225, '114', 0),
	(1125, 225, '130', 1),
	(1126, 226, '8', 0),
	(1127, 226, '9', 0),
	(1128, 226, '10', 0),
	(1129, 226, '11', 1),
	(1130, 226, '12', 0),
	(1131, 227, '31', 0),
	(1132, 227, '32', 0),
	(1133, 227, '33', 0),
	(1134, 227, '34', 1),
	(1135, 227, '35', 0),
	(1136, 228, '10', 0),
	(1137, 228, '11', 0),
	(1138, 228, '13', 0),
	(1139, 228, '14', 0),
	(1140, 228, '15', 1),
	(1141, 229, '10\\%', 0),
	(1142, 229, '15\\%', 0),
	(1143, 229, '20\\%', 1),
	(1144, 229, '30\\%', 0),
	(1145, 229, '35\\%', 0),
	(1146, 230, '20', 0),
	(1147, 230, '22', 0),
	(1148, 230, '24', 0),
	(1149, 230, '25', 0),
	(1150, 230, '26', 1),
	(1151, 231, '80', 0),
	(1152, 231, '100', 1),
	(1153, 231, '125', 0),
	(1154, 231, '200', 0),
	(1155, 231, '500', 0),
	(1156, 232, '2', 0),
	(1157, 232, '5', 0),
	(1158, 232, '10', 1),
	(1159, 232, '25', 0),
	(1160, 232, '50', 0),
	(1161, 233, '644', 0),
	(1162, 233, '658', 1),
	(1163, 233, '664', 0),
	(1164, 233, '720', 0),
	(1165, 233, '749', 0),
	(1166, 234, '1974.5', 0),
	(1167, 234, '1975.5', 0),
	(1168, 234, '1976.5', 1),
	(1169, 234, '1977.5', 0),
	(1170, 234, '1978.5', 0),
	(1171, 235, '1', 0),
	(1172, 235, '2', 0),
	(1173, 235, '3', 0),
	(1174, 235, '4', 0),
	(1175, 235, '5', 1),
	(1176, 236, '4', 0),
	(1177, 236, '7', 0),
	(1178, 236, '8', 0),
	(1179, 236, '11', 0),
	(1180, 236, '13', 1),
	(1181, 237, '\\frac12', 0),
	(1182, 237, '\\frac58', 1),
	(1183, 237, '\\frac23', 0),
	(1184, 237, '\\frac34', 0),
	(1185, 237, '\\frac78', 0),
	(1186, 238, '10', 0),
	(1187, 238, '15', 1),
	(1188, 238, '20', 0),
	(1189, 238, '25', 0),
	(1190, 238, '30', 0),
	(1191, 239, '2', 0),
	(1192, 239, '3', 1),
	(1193, 239, '4', 0),
	(1194, 239, '5', 0),
	(1195, 239, '6', 0),
	(1196, 240, '\\frac{\\sqrt{2}}{4}', 0),
	(1197, 240, '\\frac{\\sqrt{2}}{2}', 1),
	(1198, 240, '\\frac{3}{4}', 0),
	(1199, 240, '\\frac{3\\sqrt{2}}{5}', 0),
	(1200, 240, '\\frac{2\\sqrt{2}}{3}', 0),
	(1201, 241, '2\\sqrt{3}', 0),
	(1202, 241, '6', 0),
	(1203, 241, '9', 0),
	(1204, 241, '2\\sqrt{21}', 1),
	(1205, 241, '9+\\sqrt{3}', 0),
	(1206, 242, '0.3', 0),
	(1207, 242, '0.4', 1),
	(1208, 242, '0.5', 0),
	(1209, 242, '0.6', 0),
	(1210, 242, '0.7', 0),
	(1211, 243, '6', 0),
	(1212, 243, '7', 0),
	(1213, 243, '10', 0),
	(1214, 243, '12', 1),
	(1215, 243, '13', 0),
	(1216, 244, '330', 0),
	(1217, 244, '340', 0),
	(1218, 244, '350', 0),
	(1219, 244, '360', 1),
	(1220, 244, '370', 0),
	(1221, 245, '117', 0),
	(1222, 245, '136', 0),
	(1223, 245, '137', 1),
	(1224, 245, '273', 0),
	(1225, 245, '306', 0),
	(1226, 246, '12', 1),
	(1227, 246, '15', 0),
	(1228, 246, '17', 0),
	(1229, 246, '20', 0),
	(1230, 246, '25', 0),
	(1231, 247, '12', 0),
	(1232, 247, '24', 0),
	(1233, 247, '36', 0),
	(1234, 247, '48', 1),
	(1235, 247, '72', 0),
	(1236, 248, '\\frac38', 0),
	(1237, 248, '\\frac7{16}', 1),
	(1238, 248, '\\frac12', 0),
	(1239, 248, '\\frac9{16}', 0),
	(1240, 248, '\\frac47', 0),
	(1241, 249, '\\frac{7}{36}', 1),
	(1242, 249, '\\frac{5}{24}', 0),
	(1243, 249, '\\frac{2}{9}', 0),
	(1244, 249, '\\frac{17}{72}', 0),
	(1245, 249, '\\frac{1}{4}', 0),
	(1246, 250, '1+\\sqrt{2}', 0),
	(1247, 250, '\\sqrt{7}', 1),
	(1248, 250, '\\frac{8}{3}', 0),
	(1249, 250, '\\sqrt{5+\\sqrt{5}}', 0),
	(1250, 250, '2\\sqrt{2}', 0),
	(1251, 251, '245', 0),
	(1252, 251, '593', 0),
	(1253, 251, '929', 1),
	(1254, 251, '1331', 0),
	(1255, 251, '1332', 0),
	(1256, 252, '0', 0),
	(1257, 252, '50', 1),
	(1258, 252, '52', 0),
	(1259, 252, '54', 0),
	(1260, 252, '57', 0),
	(1261, 253, '~10{,}272', 0),
	(1262, 253, '~11{,}700', 0),
	(1263, 253, '~13{,}362', 0),
	(1264, 253, '~14{,}238', 1),
	(1265, 253, '~15{,}426', 0),
	(1266, 254, '15', 0),
	(1267, 254, '30', 0),
	(1268, 254, '45', 0),
	(1269, 254, '60', 0),
	(1270, 254, '75', 1),
	(1271, 255, '6', 0),
	(1272, 255, '9', 0),
	(1273, 255, '12', 1),
	(1274, 255, '15', 0),
	(1275, 255, '18', 0),
	(1276, 256, '~0', 0),
	(1277, 256, '~\\frac{1}{4}', 0),
	(1278, 256, '~\\frac{1}{2}', 0),
	(1279, 256, '~1', 1),
	(1280, 256, '~2', 0),
	(1281, 257, '(O,E,O)', 0),
	(1282, 257, '(E,E,O)', 0),
	(1283, 257, '(E,O,E)', 1),
	(1284, 257, '(O,O,E)', 0),
	(1285, 257, '(O,O,O)', 0),
	(1286, 258, '~3^{127}+2^{127}', 0),
	(1287, 258, '~3^{127}+2^{127}+2\\cdot3^{63}+3\\cdot2^{63}', 0),
	(1288, 258, '~3^{128}-2^{128}', 1),
	(1289, 258, '~3^{128}+2^{128}', 0),
	(1290, 258, '~5^{127}', 0),
	(1291, 259, '2\\sqrt{10}', 0),
	(1292, 259, '5\\sqrt2', 0),
	(1293, 259, '10\\sqrt2', 1),
	(1294, 259, '15\\sqrt2', 0),
	(1295, 259, '10\\sqrt5', 0),
	(1296, 260, '{-}88', 1),
	(1297, 260, '{-}80', 0),
	(1298, 260, '{-}64', 0),
	(1299, 260, '{-}41', 0),
	(1300, 260, '{-}40', 0),
	(1301, 261, '{-}2', 0),
	(1302, 261, '{-}\\sqrt3+i', 1),
	(1303, 261, '{-}\\sqrt2+\\sqrt2i', 0),
	(1304, 261, '{-}1+\\sqrt3i', 0),
	(1305, 261, '2i', 0),
	(1306, 262, '21', 0),
	(1307, 262, '100\\log_53', 0),
	(1308, 262, '200\\log_35', 0),
	(1309, 262, '2{,}200', 0),
	(1310, 262, '21{,}000', 1),
	(1311, 263, '47', 0),
	(1312, 263, '48', 0),
	(1313, 263, '83', 0),
	(1314, 263, '95', 1),
	(1315, 263, '96\\qquad', 0),
	(1316, 264, '~100.5', 0),
	(1317, 264, '~134', 0),
	(1318, 264, '~142', 1),
	(1319, 264, '~150.5', 0),
	(1320, 264, '~167', 0),
	(1321, 265, '65', 0),
	(1322, 265, '132', 0),
	(1323, 265, '157', 0),
	(1324, 265, '194', 1),
	(1325, 265, '215', 0),
	(1326, 266, '\\frac{17}{32}', 0),
	(1327, 266, '\\frac{11}{16}', 0),
	(1328, 266, '\\frac79', 0),
	(1329, 266, '\\frac76', 0),
	(1330, 266, '\\frac{25}{11}', 1),
	(1331, 267, '0', 0),
	(1332, 267, '1', 0),
	(1333, 267, '2', 1),
	(1334, 267, '3', 0),
	(1335, 267, '4', 0),
	(1336, 268, '13', 0),
	(1337, 268, '\\frac{40}3', 1),
	(1338, 268, '\\frac{41}3', 0),
	(1339, 268, '14', 0),
	(1340, 268, '\\frac{43}3', 0),
	(1341, 269, '7', 1),
	(1342, 269, '9', 0),
	(1343, 269, '11', 0),
	(1344, 269, '13', 0),
	(1345, 269, '15', 0),
	(1346, 270, '{-}\\frac{3}{49}', 0),
	(1347, 270, '{-}\\frac{1}{28}', 0),
	(1348, 270, '\\frac{\\sqrt[3]7}{64}', 0),
	(1349, 270, '\\frac{1}{32}', 1),
	(1350, 270, '\\frac{1}{28}', 0),
	(1351, 271, '~\\frac{9}{16}', 0),
	(1352, 271, '~\\frac{5}{8}', 0),
	(1353, 271, '~\\frac{3}{4}', 0),
	(1354, 271, '~\\frac{25}{32}', 1),
	(1355, 271, '~\\frac{13}{16}', 0),
	(1356, 272, '110', 0),
	(1357, 272, '114', 0),
	(1358, 272, '118', 0),
	(1359, 272, '122', 1),
	(1360, 272, '126', 0),
	(1361, 273, '5', 0),
	(1362, 273, '6', 0),
	(1363, 273, '7', 0),
	(1364, 273, '8', 0),
	(1365, 273, '9', 1),
	(1366, 274, '\\frac{31}{10}', 0),
	(1367, 274, '\\frac{49}{15}', 0),
	(1368, 274, '\\frac{33}{10}', 0),
	(1369, 274, '\\frac{109}{33}', 1),
	(1370, 274, '\\frac{15}{4}', 0),
	(1371, 275, '1', 0),
	(1372, 275, '2', 0),
	(1373, 275, '3', 0),
	(1374, 275, '4', 0),
	(1375, 275, '5', 1),
	(1376, 276, '3', 0),
	(1377, 276, '6', 1),
	(1378, 276, '8', 0),
	(1379, 276, '9', 0),
	(1380, 276, '12', 0),
	(1381, 277, '\\,441', 0),
	(1382, 277, '\\,761', 0),
	(1383, 277, '\\,841', 1),
	(1384, 277, '\\,921', 0),
	(1385, 277, '\\,924', 0),
	(1386, 278, '10', 0),
	(1387, 278, '26', 0),
	(1388, 278, '32', 0),
	(1389, 278, '36', 1),
	(1390, 278, '40', 0),
	(1391, 279, '\\sqrt{10}', 1),
	(1392, 279, '\\sqrt[3]{100}', 0),
	(1393, 279, '\\sqrt[4]{1000}', 0),
	(1394, 279, '10', 0),
	(1395, 279, '10\\sqrt[3]{10}', 0),
	(1396, 280, '7', 1),
	(1397, 280, '12', 0),
	(1398, 280, '21', 0),
	(1399, 280, '27', 0),
	(1400, 280, '31', 0),
	(1401, 281, '108', 0),
	(1402, 281, '120', 0),
	(1403, 281, '126', 0),
	(1404, 281, '132', 0),
	(1405, 281, '144', 1),
	(1406, 282, '10', 0),
	(1407, 282, '18', 0),
	(1408, 282, '25', 0),
	(1409, 282, '36', 0),
	(1410, 282, '81', 1),
	(1411, 283, '\\frac14', 0),
	(1412, 283, '\\frac13', 1),
	(1413, 283, '\\frac25', 0),
	(1414, 283, '\\frac12', 0),
	(1415, 283, '\\frac{\\sqrt{3}}{2}', 0),
	(1416, 284, '13', 1),
	(1417, 284, '14', 0),
	(1418, 284, '15', 0),
	(1419, 284, '16', 0),
	(1420, 284, '17', 0),
	(1421, 285, '~\\frac{3}{2}', 0),
	(1422, 285, '~\\frac{7}{4}', 0),
	(1423, 285, '~2', 1),
	(1424, 285, '~\\frac{9}{4}', 0),
	(1425, 285, '~3', 0),
	(1426, 286, '\\frac{24}{5}', 0),
	(1427, 286, '\\frac{42}{5}', 0),
	(1428, 286, '\\frac{81}{5}', 0),
	(1429, 286, '30', 1),
	(1430, 286, '48', 0),
	(1431, 287, '6', 0),
	(1432, 287, '9', 0),
	(1433, 287, '12', 0),
	(1434, 287, '18', 1),
	(1435, 287, '27', 0),
	(1436, 288, '{-}4', 1),
	(1437, 288, '{-}1', 0),
	(1438, 288, '0', 0),
	(1439, 288, '1', 0),
	(1440, 288, '4', 0),
	(1441, 289, '359', 1),
	(1442, 289, '360', 0),
	(1443, 289, '719', 0),
	(1444, 289, '720', 0),
	(1445, 289, '721', 0),
	(1446, 290, '\\frac{1}{4}', 0),
	(1447, 290, '\\frac{1}{3}', 1),
	(1448, 290, '\\frac{1}{2}', 0),
	(1449, 290, '\\frac{2}{3}', 0),
	(1450, 290, '\\frac{3}{4}', 0),
	(1451, 291, '\\,x^2-x+1', 0),
	(1452, 291, '\\,x^2+x+1', 0),
	(1453, 291, '\\,x^4+1', 0),
	(1454, 291, '\\,x^6-x^3+1', 0),
	(1455, 291, '\\,x^6+x^3+1', 1),
	(1456, 292, '4.5', 1),
	(1457, 292, '5', 0),
	(1458, 292, '5.5', 0),
	(1459, 292, '6', 0),
	(1460, 292, '6.5', 0),
	(1461, 293, '0', 0),
	(1462, 293, '3', 0),
	(1463, 293, '7', 0),
	(1464, 293, '8', 1),
	(1465, 293, '10', 0),
	(1466, 294, '500', 0),
	(1467, 294, '625', 0),
	(1468, 294, '1089', 0),
	(1469, 294, '1199', 0),
	(1470, 294, '1296', 1),
	(1471, 295, '~\\frac{21}{5}', 0),
	(1472, 295, '~\\frac{85}{13}', 0),
	(1473, 295, '~7', 0),
	(1474, 295, '~\\frac{39}{5}', 0),
	(1475, 295, '~17', 1),
	(1476, 296, '46', 1),
	(1477, 296, '47', 0),
	(1478, 296, '50', 0),
	(1479, 296, '53', 0),
	(1480, 296, '54', 0),
	(1481, 297, '\\frac{5}{4}', 0),
	(1482, 297, '\\frac{3}{2}', 0),
	(1483, 297, '\\frac{5}{3}', 1),
	(1484, 297, '2', 0),
	(1485, 297, '3', 0),
	(1486, 298, '\\frac{1}{3}', 0),
	(1487, 298, '\\frac{5}{12}', 1),
	(1488, 298, '\\frac{1}{2}', 0),
	(1489, 298, '\\frac{7}{12}', 0),
	(1490, 298, '\\frac{2}{3}', 0),
	(1491, 299, '15', 1),
	(1492, 299, '25', 0),
	(1493, 299, '35', 0),
	(1494, 299, '45', 0),
	(1495, 299, '55', 0),
	(1496, 300, '8', 0),
	(1497, 300, '27', 0),
	(1498, 300, '64', 0),
	(1499, 300, '125', 1),
	(1500, 300, '216', 0),
	(1501, 301, 'P^2Q', 0),
	(1502, 301, 'P^nQ^m', 0),
	(1503, 301, 'P^nQ^{2m}', 0),
	(1504, 301, 'P^{2m}Q^n', 0),
	(1505, 301, 'P^{2n}Q^m', 1),
	(1506, 302, '255', 0),
	(1507, 302, '502', 1),
	(1508, 302, '1004', 0),
	(1509, 302, '1506', 0),
	(1510, 302, '8037', 0),
	(1511, 303, '-1', 0),
	(1512, 303, '0', 0),
	(1513, 303, '1', 0),
	(1514, 303, '2', 1),
	(1515, 303, '3', 0),
	(1516, 304, '0', 0),
	(1517, 304, '1', 1),
	(1518, 304, '2', 0),
	(1519, 304, '4', 0),
	(1520, 304, '12', 0),
	(1521, 305, '24', 0),
	(1522, 305, '48', 0),
	(1523, 305, '49', 0),
	(1524, 305, '97', 1),
	(1525, 305, '98', 0),
	(1526, 306, '3', 0),
	(1527, 306, '4', 0),
	(1528, 306, '6', 0),
	(1529, 306, '8', 1),
	(1530, 306, '9', 0),
	(1531, 307, '0', 0),
	(1532, 307, '\\frac{1}{2}', 0),
	(1533, 307, '1', 1),
	(1534, 307, '\\frac{1+\\sqrt{5}}{2}', 0),
	(1535, 307, '2', 0),
	(1536, 308, '6', 0),
	(1537, 308, '7', 1),
	(1538, 308, '8', 0),
	(1539, 308, '9', 0),
	(1540, 308, '10', 0),
	(1541, 309, 'A=\\frac{25}{49}B', 0),
	(1542, 309, 'A=\\frac{5}{7}B', 0),
	(1543, 309, 'A=B', 1),
	(1544, 309, '', 0),
	(1545, 310, '\\frac{9}{2}', 0),
	(1546, 310, '\\frac{50}{11}', 0),
	(1547, 310, '\\frac{21}{4}', 0),
	(1548, 310, '\\frac{17}{3}', 0),
	(1549, 310, '6', 1),
	(1550, 311, '4', 0),
	(1551, 311, '6', 0),
	(1552, 311, '8', 1),
	(1553, 311, '10', 0),
	(1554, 311, '12', 0),
	(1555, 312, '10', 0),
	(1556, 312, '11', 0),
	(1557, 312, '12', 0),
	(1558, 312, '13', 0),
	(1559, 312, '14', 1),
	(1560, 313, '602', 0),
	(1561, 313, '652', 0),
	(1562, 313, '702', 0),
	(1563, 313, '752', 1),
	(1564, 313, '802', 0),
	(1565, 314, '2009', 0),
	(1566, 314, '2010', 0),
	(1567, 314, '2011', 0),
	(1568, 314, '2012', 0),
	(1569, 314, '2013', 1),
	(1570, 315, '0', 1),
	(1571, 315, '2-\\sqrt3', 0),
	(1572, 315, '\\frac{1}{\\sqrt3}', 0),
	(1573, 315, '1', 0),
	(1574, 315, '2+\\sqrt3', 0);

-- Dumping structure for table dailyAMC.Users
DROP TABLE IF EXISTS `Users`;
CREATE TABLE IF NOT EXISTS `Users` (
  `id` int NOT NULL AUTO_INCREMENT,
  `email` varchar(320) DEFAULT NULL,
  `password_hash` varchar(60) CHARACTER SET utf8mb4 COLLATE utf8mb4_0900_ai_ci DEFAULT NULL,
  PRIMARY KEY (`id`)
) ENGINE=InnoDB AUTO_INCREMENT=27 DEFAULT CHARSET=utf8mb4 COLLATE=utf8mb4_0900_ai_ci;

-- Dumping data for table dailyAMC.Users: ~12 rows (approximately)
REPLACE INTO `Users` (`id`, `email`, `password_hash`) VALUES
	(2, 'katya.danilina@gmail.com', '$2b$12$hlOA4eyqct740LHFng4mS.GQ6i0n8spiiVxkALvSbp7WDKceZY0NC'),
	(16, 'my@name', '$2b$12$TC8.f7oPRQQARrSjiXfOKuFcpXS8yc5W3BlogERG.CW2G32B9FlDW'),
	(17, 'abc@abc', '$2b$12$HuPBOW2Szfxl4uS6UX/6qOriE5n0sC9YGRiRnQv8jXhPVx/5o.h7.'),
	(18, 'michal@my', '$2b$12$tvqim7Uc.OMf.1a4Eyul.u.JVM1HhzRiSMi8FDriQ0Qq4KcMTbJNe'),
	(19, 'abc@def', '$2b$12$S.3TNpnEWZfCS7/gWfu7ieK/eg9TgACt/8mkk8mwb19IN069cSAd2'),
	(20, 'me@me', '$2b$12$e.WMHG3WRKyMA/3g1L/vAORP.xuat2Rp4nkVc6EmXdQqz9b6cu.AO'),
	(21, 'me@abc', '$2b$12$gTvU1mQrbZYXQIfqRWygyeutslpuFSlA18o8Dzp5.zdAAnqU8got6'),
	(22, 'hi@hi', '$2b$12$zp.CPp93pOFUzLJ.7QEdRuGPEAz3jVK7Q1KfLEOWuDmUNsvZndf0q'),
	(23, 'danilina@me', '$2b$12$6SBh4jQzwe0kSkmR2T4SweSIlTr44XNPsTsJkClRGSSVI/CmCM00C'),
	(24, 'new@new', '$2b$12$/e0o0wZ1K34o1vUYh1P.keRHKpOg91krLIMHQJwiPFUwBr3Elj6va'),
	(25, 'my@nename', '$2b$12$M25h.C/VaSATgyERZatXae2x9TWhFnTgVoRa28/u2HrETgwk/9GMW'),
	(26, 'abcd@abcd', '$2b$12$gb7OPwxPWoI5khMRWYQ8o.LoZyjXytNRrjrWl4pfuDWGnZWS7cJy2');

/*!40103 SET TIME_ZONE=IFNULL(@OLD_TIME_ZONE, 'system') */;
/*!40101 SET SQL_MODE=IFNULL(@OLD_SQL_MODE, '') */;
/*!40014 SET FOREIGN_KEY_CHECKS=IFNULL(@OLD_FOREIGN_KEY_CHECKS, 1) */;
/*!40101 SET CHARACTER_SET_CLIENT=@OLD_CHARACTER_SET_CLIENT */;
/*!40111 SET SQL_NOTES=IFNULL(@OLD_SQL_NOTES, 1) */;
